7rk2_B,1,G,0.0029883275274187326,0
7rk2_B,2,E,0.004438008181750774,0
7rk2_B,3,Q,0.009648148901760578,0
7rk2_B,4,F,0.005999673157930374,0
7rk2_B,5,R,0.019710222259163857,0
7rk2_B,6,V,0.0014545503072440624,0
7rk2_B,7,L,0.04296140372753143,0
7rk2_B,8,L,0.00842756126075983,0
7rk2_B,9,T,0.09040743857622147,0
7rk2_B,10,V,0.010427279397845268,0
7rk2_B,11,G,0.005947256460785866,0
7rk2_B,12,P,0.04721736162900925,0
7rk2_B,13,P,0.009473472833633423,0
7rk2_B,14,M,0.13466039299964905,0
7rk2_B,15,A,0.06588668376207352,0
7rk2_B,16,P,0.07346809655427933,0
7rk2_B,17,N,0.13321134448051453,0
7rk2_B,18,T,0.40617960691452026,1
7rk2_B,19,A,0.5619493722915649,1
7rk2_B,20,N,0.6249509453773499,1
7rk2_B,21,S,0.41606220602989197,1
7rk2_B,22,Q,0.5482246279716492,1
7rk2_B,23,N,0.10503412783145905,0
7rk2_B,24,W,0.26195862889289856,1
7rk2_B,25,V,0.06669425964355469,0
7rk2_B,26,N,0.05338577181100845,0
7rk2_B,27,K,0.6216493844985962,1
7rk2_B,28,T,0.4980163276195526,1
7rk2_B,29,I,0.26622238755226135,1
7rk2_B,30,V,0.3247014880180359,1
7rk2_B,31,P,0.008230369538068771,0
7rk2_B,32,P,0.011499152518808842,0
7rk2_B,33,E,0.013947051018476486,0
7rk2_B,34,N,0.012196407653391361,0
7rk2_B,35,Q,0.0028298397082835436,0
7rk2_B,36,Y,0.00626171100884676,0
7rk2_B,37,T,0.0064920480363070965,0
7rk2_B,38,V,0.0016945676179602742,0
7rk2_B,39,K,0.024220241233706474,0
7rk2_B,40,I,0.0012182246427983046,0
7rk2_B,41,G,0.012339801527559757,0
7rk2_B,42,I,0.071529321372509,0
7rk2_B,43,D,0.037790920585393906,0
7rk2_B,44,L,0.02512490376830101,0
7rk2_B,45,E,0.036961980164051056,0
7rk2_B,46,H,0.04289007559418678,0
7rk2_B,47,Y,0.00915787648409605,0
7rk2_B,48,T,0.0009938651928678155,0
7rk2_B,49,T,0.00467390101402998,0
7rk2_B,50,M,0.0008768297266215086,0
7rk2_B,51,Q,0.005886627361178398,0
7rk2_B,52,G,0.0018126709619536996,0
7rk2_B,53,F,0.002683299360796809,0
7rk2_B,54,T,0.0007006596424616873,0
7rk2_B,55,P,0.0006530470564030111,0
7rk2_B,56,V,0.00034619864891283214,0
7rk2_B,57,E,0.0019511303398758173,0
7rk2_B,58,S,0.006397013086825609,0
7rk2_B,59,V,0.0007045443053357303,0
7rk2_B,60,S,0.013480965048074722,0
7rk2_B,61,W,0.0008567553595639765,0
7rk2_B,62,Y,0.017838001251220703,0
7rk2_B,63,T,0.007304053287953138,0
7rk2_B,64,A,0.026692084968090057,0
7rk2_B,65,D,0.016423678025603294,0
7rk2_B,66,F,0.023280862718820572,0
7rk2_B,67,Q,0.003364467527717352,0
7rk2_B,68,P,0.0021900825668126345,0
7rk2_B,69,S,0.0007685778546147048,0
7rk2_B,70,D,0.0006553386338055134,0
7rk2_B,71,E,0.0015632734866812825,0
7rk2_B,72,P,0.00030528430943377316,0
7rk2_B,73,S,0.0008015582570806146,0
7rk2_B,74,P,0.0007658387185074389,0
7rk2_B,75,I,0.00022547587286680937,0
7rk2_B,76,P,0.0004810106474906206,0
7rk2_B,77,G,0.0005617565475404263,0
7rk2_B,78,L,6.991222471697256e-05,0
7rk2_B,79,Y,0.0005927343154326081,0
7rk2_B,80,A,0.00013007620873395354,0
7rk2_B,81,R,0.004812540020793676,0
7rk2_B,82,V,0.0004441973869688809,0
7rk2_B,83,N,0.015273322351276875,0
7rk2_B,84,N,0.008481248281896114,0
7rk2_B,85,T,0.003461523214355111,0
7rk2_B,86,K,0.0028818068094551563,0
7rk2_B,87,K,0.006270074751228094,0
7rk2_B,88,A,0.006873910315334797,0
7rk2_B,89,D,0.016117408871650696,0
7rk2_B,90,V,0.0006636024918407202,0
7rk2_B,91,Y,0.017084181308746338,0
7rk2_B,92,G,0.02015201561152935,0
7rk2_B,93,V,0.03777251020073891,0
7rk2_B,94,Q,0.1040775254368782,0
7rk2_B,95,Q,0.15435118973255157,0
7rk2_B,96,F,0.25234851241111755,1
7rk2_B,97,K,0.11391378939151764,0
7rk2_B,98,S,0.03738759830594063,0
7rk2_B,99,S,0.05002579092979431,0
7rk2_B,100,H,0.07620382308959961,0
7rk2_B,101,T,0.1275501251220703,0
7rk2_B,102,N,0.059876661747694016,0
7rk2_B,103,N,0.07985102385282516,0
7rk2_B,104,R,0.10799132287502289,0
7rk2_B,105,H,0.05740301311016083,0
7rk2_B,106,Q,0.05317329615354538,0
7rk2_B,107,I,0.01646616868674755,0
7rk2_B,108,T,0.0034731142222881317,0
7rk2_B,109,S,0.0025519535411149263,0
7rk2_B,110,V,0.0009868423221632838,0
7rk2_B,111,F,0.0007568149594590068,0
7rk2_B,112,L,0.000317626865580678,0
7rk2_B,113,V,0.0004245321615599096,0
7rk2_B,114,R,0.0036737287882715464,0
7rk2_B,115,V,0.0015609664842486382,0
7rk2_B,116,T,0.05032111704349518,0
7rk2_B,117,T,0.06269215047359467,0
7rk2_B,118,S,0.04134194180369377,0
7rk2_B,119,F,0.019958985969424248,0
7rk2_B,120,Q,0.05836351215839386,0
7rk2_B,121,V,0.0111429737880826,0
7rk2_B,122,I,0.040187012404203415,0
7rk2_B,123,N,0.0009103682823479176,0
7rk2_B,124,Y,0.0693911612033844,0
7rk2_B,125,T,0.004650832153856754,0
7rk2_B,126,S,0.005585217382758856,0
7rk2_B,127,Y,0.04928824305534363,0
7rk2_B,128,F,0.06658343970775604,0
7rk2_B,129,I,0.07421912997961044,0
7rk2_B,130,R,0.04144340008497238,0
7rk2_B,131,G,0.06333263218402863,0
7rk2_B,132,A,0.11908834427595139,0
7rk2_B,133,E,0.04838475212454796,0
7rk2_B,134,S,0.05554904043674469,0
7rk2_B,135,G,0.02010461874306202,0
7rk2_B,136,S,0.02692440152168274,0
7rk2_B,137,N,0.019251812249422073,0
7rk2_B,138,V,0.05631805583834648,0
7rk2_B,139,S,0.017003241926431656,0
7rk2_B,140,N,0.039270881563425064,0
7rk2_B,141,L,0.013565811328589916,0
7rk2_B,142,K,0.009923826903104782,0
7rk2_B,143,I,0.0030338780488818884,0
7rk2_B,144,R,0.004881684202700853,0
7rk2_B,145,D,0.030556734651327133,0
7rk2_B,146,Q,0.02373235486447811,0
7rk2_B,147,T,0.04984741657972336,0
7rk2_B,148,Y,0.05587487667798996,0
7rk2_B,149,H,0.022287195548415184,0
7rk2_B,150,T,0.014742120169103146,0
7rk2_B,151,P,0.011118452064692974,0
7rk2_B,152,L,0.002870293101295829,0
7rk2_B,153,Q,0.01305905357003212,0
7rk2_B,154,F,0.0007479598862119019,0
7rk2_B,155,T,0.006183090154081583,0
7rk2_B,156,Q,0.0044814846478402615,0
7rk2_B,157,G,0.004384675528854132,0
7rk2_B,158,K,0.0022548369597643614,0
7rk2_B,159,W,0.0004337674763519317,0
7rk2_B,160,Y,7.176151120802388e-05,0
7rk2_B,161,L,3.180734347552061e-05,0
7rk2_B,162,L,3.2615156669635326e-05,0
7rk2_B,163,T,0.00013481666974257678,0
7rk2_B,164,S,0.00022628888837061822,0
7rk2_B,165,T,0.0016672941856086254,0
7rk2_B,166,V,0.005120419431477785,0
7rk2_B,167,M,0.10949418693780899,0
7rk2_B,168,H,0.03994295373558998,0
7rk2_B,169,D,0.425418883562088,1
7rk2_B,170,G,0.1561744213104248,0
7rk2_B,171,P,0.19854655861854553,0
7rk2_B,172,T,0.16283473372459412,0
7rk2_B,173,S,0.03200908750295639,0
7rk2_B,174,S,0.038150589913129807,0
7rk2_B,175,G,0.009256268851459026,0
7rk2_B,176,W,0.010006937198340893,0
7rk2_B,177,V,0.019629670307040215,0
7rk2_B,178,W,0.037478573620319366,0
7rk2_B,179,M,0.20436473190784454,0
7rk2_B,180,N,0.13572372496128082,0
7rk2_B,181,Q,0.11106788367033005,0
7rk2_B,182,E,0.20780865848064423,0
7rk2_B,183,L,0.16398394107818604,0
7rk2_B,184,T,0.4539748430252075,1
7rk2_B,185,N,0.2790696322917938,1
7rk2_B,186,N,0.3029543459415436,1
7rk2_B,187,I,0.10058268159627914,0
7rk2_B,188,A,0.1265278458595276,0
7rk2_B,189,Y,0.0014960035914555192,0
7rk2_B,190,R,0.005235063377767801,0
7rk2_B,191,V,0.009000744670629501,0
7rk2_B,192,D,0.006886529270559549,0
7rk2_B,193,P,0.013163585215806961,0
7rk2_B,194,G,0.005974264349788427,0
7rk2_B,195,M,0.02248704805970192,0
7rk2_B,196,M,0.07789377123117447,0
7rk2_B,197,Y,0.06432288140058517,0
7rk2_B,198,L,0.07186941057443619,0
7rk2_B,199,I,0.7113471627235413,1
7rk2_B,200,T,0.7843625545501709,1
7rk2_B,201,P,0.11216142773628235,0
7rk2_B,202,P,0.13352644443511963,0
7rk2_B,203,P,0.24288050830364227,1
7rk2_B,204,A,0.02131746895611286,0
7rk2_B,205,A,0.00670601287856698,0
7rk2_B,206,S,0.004250054247677326,0
7rk2_B,207,Q,0.0030623511411249638,0
7rk2_B,208,L,0.001420342829078436,0
7rk2_B,209,Y,0.004719592165201902,0
7rk2_B,210,F,0.0003437768609728664,0
7rk2_B,211,E,0.0018712531309574842,0
7rk2_B,212,L,0.0002601045707706362,0
7rk2_B,213,H,0.0005446465802378953,0
7rk2_B,214,T,0.0014898052904754877,0
7rk2_B,215,V,0.0060503496788442135,0
7rk2_B,216,L,0.009532195515930653,0
7rk2_B,217,P,0.020486632362008095,0
7rk2_B,218,Q,0.09973946213722229,0
6j71_A,1,S,0.002636660123243928,0
6j71_A,2,T,0.0012450591893866658,0
6j71_A,3,Q,0.0014170840149745345,0
6j71_A,4,V,0.0006529257516376674,0
6j71_A,5,C,1.7606114852242172e-05,0
6j71_A,6,T,4.853795689996332e-05,0
6j71_A,7,G,7.869059481890872e-05,0
6j71_A,8,T,8.601919398643076e-05,0
6j71_A,9,D,0.0014544797595590353,0
6j71_A,10,M,0.0005685745272785425,0
6j71_A,11,K,0.005635109730064869,0
6j71_A,12,L,0.008276253938674927,0
6j71_A,13,R,0.009932488203048706,0
6j71_A,14,L,0.0115286223590374,0
6j71_A,15,P,0.001718779094517231,0
6j71_A,16,A,0.008518749848008156,0
6j71_A,17,S,0.002464753109961748,0
6j71_A,18,P,0.002795684617012739,0
6j71_A,19,E,0.007417859975248575,0
6j71_A,20,T,0.0020127093885093927,0
6j71_A,21,H,0.0008653978002257645,0
6j71_A,22,L,0.0013813864206895232,0
6j71_A,23,D,0.0024869448971003294,0
6j71_A,24,M,0.0002344608656130731,0
6j71_A,25,L,0.00020517742086667567,0
6j71_A,26,R,0.002176402835175395,0
6j71_A,27,H,0.0010358868166804314,0
6j71_A,28,L,0.00025486276717856526,0
6j71_A,29,Y,0.00013641758414451033,0
6j71_A,30,Q,0.001749181654304266,0
6j71_A,31,G,0.0006851974176242948,0
6j71_A,32,C,0.00018509368237573653,0
6j71_A,33,Q,0.0030943925958126783,0
6j71_A,34,V,0.003120005363598466,0
6j71_A,35,V,0.0006682270905002952,0
6j71_A,36,Q,0.016980797052383423,0
6j71_A,37,G,0.003264826023951173,0
6j71_A,38,N,0.0007248222827911377,0
6j71_A,39,L,6.94036643835716e-05,0
6j71_A,40,E,0.0017271009273827076,0
6j71_A,41,L,8.155361865647137e-05,0
6j71_A,42,T,0.0011804327368736267,0
6j71_A,43,Y,0.02465486153960228,0
6j71_A,44,L,0.0005398157518357038,0
6j71_A,45,P,0.0019779859576374292,0
6j71_A,46,T,0.002869359916076064,0
6j71_A,47,N,0.0045714289881289005,0
6j71_A,48,A,0.0006158785545267165,0
6j71_A,49,S,0.0015093251131474972,0
6j71_A,50,L,0.0004416192532517016,0
6j71_A,51,S,0.003221060149371624,0
6j71_A,52,F,0.0007390033570118248,0
6j71_A,53,L,0.000195038752281107,0
6j71_A,54,Q,0.0015645601088181138,0
6j71_A,55,D,0.0019007498631253839,0
6j71_A,56,I,0.0003619024937506765,0
6j71_A,57,Q,0.0031554654706269503,0
6j71_A,58,E,0.0027058108244091272,0
6j71_A,59,V,0.00029520521638914943,0
6j71_A,60,Q,0.00742919510230422,0
6j71_A,61,G,0.0014293559361249208,0
6j71_A,62,Y,0.002893903525546193,0
6j71_A,63,V,0.00013337434211280197,0
6j71_A,64,L,0.008068480528891087,0
6j71_A,65,I,0.0003520989266689867,0
6j71_A,66,A,0.009110954590141773,0
6j71_A,67,H,0.013699653558433056,0
6j71_A,68,N,0.00017220649169757962,0
6j71_A,69,Q,0.0014752424322068691,0
6j71_A,70,V,0.00013643124839290977,0
6j71_A,71,R,0.0024795508943498135,0
6j71_A,72,Q,0.0013215967919677496,0
6j71_A,73,V,0.0006127744563855231,0
6j71_A,74,P,0.004381837323307991,0
6j71_A,75,L,0.0008562799193896353,0
6j71_A,76,Q,0.0036727150436490774,0
6j71_A,77,R,0.003908335696905851,0
6j71_A,78,L,0.0004234812513459474,0
6j71_A,79,R,0.0034190171863883734,0
6j71_A,80,I,0.0017876062775030732,0
6j71_A,81,V,0.0005771910073235631,0
6j71_A,82,R,0.013577902689576149,0
6j71_A,83,G,0.0014234241098165512,0
6j71_A,84,T,0.023034660145640373,0
6j71_A,85,Q,0.020362423732876778,0
6j71_A,86,L,0.006391790695488453,0
6j71_A,87,F,0.012413780204951763,0
6j71_A,88,E,0.027779629454016685,0
6j71_A,89,D,0.031127125024795532,0
6j71_A,90,N,0.012760172598063946,0
6j71_A,91,Y,0.003456936916336417,0
6j71_A,92,A,0.0004527668934315443,0
6j71_A,93,L,0.0008364999084733427,0
6j71_A,94,A,0.02685089223086834,0
6j71_A,95,V,0.002357380697503686,0
6j71_A,96,L,0.16222511231899261,0
6j71_A,97,D,0.05528020113706589,0
6j71_A,98,N,0.0023869334254413843,0
6j71_A,99,G,0.011907843872904778,0
6j71_A,100,D,0.05432789772748947,0
6j71_A,101,P,0.038817502558231354,0
6j71_A,102,L,0.015476916916668415,0
6j71_A,103,N,0.032026879489421844,0
6j71_A,104,N,0.01526750810444355,0
6j71_A,105,T,0.012924948707222939,0
6j71_A,106,T,0.008184026926755905,0
6j71_A,107,P,0.006984812207520008,0
6j71_A,108,V,0.01102092768996954,0
6j71_A,109,T,0.008821476250886917,0
6j71_A,110,G,0.002580770291388035,0
6j71_A,111,A,0.008543680422008038,0
6j71_A,112,S,0.005288191605359316,0
6j71_A,113,P,0.001908336766064167,0
6j71_A,114,G,0.000824495917186141,0
6j71_A,115,G,0.0006670750444754958,0
6j71_A,116,L,0.0002332819567527622,0
6j71_A,117,R,0.0037295634392648935,0
6j71_A,118,E,0.004466360900551081,0
6j71_A,119,L,0.00028448482044041157,0
6j71_A,120,Q,0.0014350878773257136,0
6j71_A,121,L,0.00012813921784982085,0
6j71_A,122,R,0.002686445601284504,0
6j71_A,123,S,0.0015579551691189408,0
6j71_A,124,L,2.839438457158394e-05,0
6j71_A,125,T,0.0001926351833390072,0
6j71_A,126,E,8.871294267009944e-05,0
6j71_A,127,I,1.965031333384104e-05,0
6j71_A,128,L,0.00042319553904235363,0
6j71_A,129,K,0.0008937061065807939,0
6j71_A,130,G,0.00015535225975327194,0
6j71_A,131,G,0.0002082680002786219,0
6j71_A,132,V,5.264408900984563e-05,0
6j71_A,133,L,0.01779221184551716,0
6j71_A,134,I,0.0013380207819864154,0
6j71_A,135,Q,0.13189013302326202,0
6j71_A,136,R,0.0453469455242157,0
6j71_A,137,N,0.0009773308411240578,0
6j71_A,138,P,0.02388407103717327,0
6j71_A,139,Q,0.008645500987768173,0
6j71_A,140,L,0.0006511069368571043,0
6j71_A,141,C,0.0006062337197363377,0
6j71_A,142,Y,0.004837417043745518,0
6j71_A,143,Q,0.00915527157485485,0
6j71_A,144,D,0.10735403001308441,0
6j71_A,145,T,0.260375440120697,1
6j71_A,146,I,0.024883458390831947,0
6j71_A,147,L,0.1735183298587799,0
6j71_A,148,W,0.017843229696154594,0
6j71_A,149,K,0.07249877601861954,0
6j71_A,150,D,0.014302832074463367,0
6j71_A,151,I,0.0004312722594477236,0
6j71_A,152,F,0.0005887058796361089,0
6j71_A,153,H,0.002000507665798068,0
6j71_A,154,K,0.0319412425160408,0
6j71_A,155,N,0.021578185260295868,0
6j71_A,156,N,0.0007723947055637836,0
6j71_A,157,Q,0.007633196655660868,0
6j71_A,158,L,0.003629046957939863,0
6j71_A,159,A,0.001309615676291287,0
6j71_A,160,L,0.00994065497070551,0
6j71_A,161,T,0.012725936248898506,0
6j71_A,162,L,0.06063017621636391,0
6j71_A,163,I,0.021422285586595535,0
6j71_A,164,D,0.13727781176567078,0
6j71_A,165,T,0.12426471710205078,0
6j71_A,166,N,0.36532989144325256,1
6j71_A,167,R,0.23789441585540771,1
6j71_A,168,S,0.8691272139549255,1
6j71_A,169,R,0.7392281889915466,1
6j71_A,170,A,0.7676702737808228,1
6j71_A,171,C,0.4609442353248596,1
6j71_A,172,H,0.8137843608856201,1
6j71_A,173,P,0.7771472930908203,1
6j71_A,174,C,0.39294686913490295,1
6j71_A,175,S,0.33282044529914856,1
6j71_A,176,P,0.45993611216545105,1
6j71_A,177,M,0.2520582377910614,1
6j71_A,178,C,0.0023923953995108604,0
6j71_A,179,K,0.037093713879585266,0
6j71_A,180,G,0.015310026705265045,0
6j71_A,181,S,0.0031766376923769712,0
6j71_A,182,R,0.0012938984436914325,0
6j71_A,183,C,0.0002086967579089105,0
6j71_A,184,W,0.00078049540752545,0
6j71_A,185,G,0.0018295809859409928,0
6j71_A,186,E,0.0180760957300663,0
6j71_A,187,S,0.012542818672955036,0
6j71_A,188,S,0.004071761388331652,0
6j71_A,189,E,0.0017394049791619182,0
6j71_A,190,D,0.00014474833733402193,0
6j71_A,191,C,3.2804280635900795e-05,0
6j71_A,192,Q,8.180675649782643e-05,0
6j71_A,193,S,0.0007918212213553488,0
6j71_A,194,L,0.00028035606374032795,0
6j71_A,195,T,0.0009012080263346434,0
6j71_A,196,R,0.0031470712274312973,0
6j71_A,197,T,0.0036780668888241053,0
6j71_A,198,V,0.005540188401937485,0
6j71_A,199,C,0.0005051437183283269,0
6j71_A,200,A,0.0009668137063272297,0
6j71_A,201,G,0.007390246726572514,0
6j71_A,202,G,0.011037738062441349,0
6j71_A,203,C,0.0007894886075519025,0
6j71_A,204,A,0.004207946825772524,0
6j71_A,205,R,0.0013577439822256565,0
6j71_A,206,C,0.0004226516466587782,0
6j71_A,207,K,0.012750541791319847,0
6j71_A,208,G,0.0014019869267940521,0
6j71_A,209,P,0.008461790159344673,0
6j71_A,210,L,0.027695035561919212,0
6j71_A,211,P,0.04887090250849724,0
6j71_A,212,T,0.02313600480556488,0
6j71_A,213,D,0.002855895785614848,0
6j71_A,214,C,0.0006629219860769808,0
6j71_A,215,C,0.00018428168550599366,0
6j71_A,216,H,0.0006123205530457199,0
6j71_A,217,E,0.004701680038124323,0
6j71_A,218,Q,0.001437687547877431,0
6j71_A,219,C,8.203127072192729e-05,0
6j71_A,220,A,0.00029490256565622985,0
6j71_A,221,A,0.00018057659326586872,0
6j71_A,222,G,0.0005150403012521565,0
6j71_A,223,C,0.0002245753858005628,0
6j71_A,224,T,0.018536590039730072,0
6j71_A,225,G,0.0031568335834890604,0
6j71_A,226,P,0.008970079012215137,0
6j71_A,227,K,0.04839066043496132,0
6j71_A,228,H,0.026288514956831932,0
6j71_A,229,S,0.0704183354973793,0
6j71_A,230,D,0.02105223387479782,0
6j71_A,231,C,0.0007486226968467236,0
6j71_A,232,L,0.01115831546485424,0
6j71_A,233,A,0.0049348557367920876,0
6j71_A,234,C,0.000792215985711664,0
6j71_A,235,L,0.05878118425607681,0
6j71_A,236,H,0.16397477686405182,0
6j71_A,237,F,0.08184392750263214,0
6j71_A,238,N,0.03530656546354294,0
6j71_A,239,H,0.02158822864294052,0
6j71_A,240,S,0.03386412188410759,0
6j71_A,241,G,0.005912383086979389,0
6j71_A,242,I,0.025009743869304657,0
6j71_A,243,C,0.0007144265109673142,0
6j71_A,244,E,0.0038251448422670364,0
6j71_A,245,L,0.047474708408117294,0
6j71_A,246,H,0.03579344227910042,0
6j71_A,247,C,0.00041561975376680493,0
6j71_A,248,P,0.003457209561020136,0
6j71_A,249,A,0.0025401879101991653,0
6j71_A,250,L,0.002584557281807065,0
6j71_A,251,V,0.0037761167623102665,0
6j71_A,252,T,0.0021537942811846733,0
6j71_A,253,Y,0.005874314811080694,0
6j71_A,254,N,0.001190574374049902,0
6j71_A,255,T,0.0018936232663691044,0
6j71_A,256,D,0.001024597673676908,0
6j71_A,257,T,0.0016169932205229998,0
6j71_A,258,F,0.0009666386758908629,0
6j71_A,259,E,0.00024207330716308206,0
6j71_A,260,S,0.00031401857268065214,0
6j71_A,261,M,9.519226296106353e-05,0
6j71_A,262,P,0.0002018775267060846,0
6j71_A,263,N,0.00019255309598520398,0
6j71_A,264,P,0.0004563402908388525,0
6j71_A,265,E,0.0004756753914989531,0
6j71_A,266,G,0.00027987267822027206,0
6j71_A,267,R,0.0004991407040506601,0
6j71_A,268,Y,0.0004408598178997636,0
6j71_A,269,T,0.0004458660841919482,0
6j71_A,270,F,0.00040093946154229343,0
6j71_A,271,G,0.0004581744142342359,0
6j71_A,272,A,0.0005271622212603688,0
6j71_A,273,S,0.0001305975893046707,0
6j71_A,274,C,2.461227086314466e-05,0
6j71_A,275,V,2.8903636120958254e-05,0
6j71_A,276,T,0.00014138937694951892,0
6j71_A,277,A,0.000144780075061135,0
6j71_A,278,C,1.7891401512315497e-05,0
6j71_A,279,P,0.0002306843816768378,0
6j71_A,280,Y,0.0009202908258885145,0
6j71_A,281,N,0.001216838718391955,0
6j71_A,282,Y,0.0047533768229186535,0
6j71_A,283,L,0.002363538835197687,0
6j71_A,284,S,0.004423694685101509,0
6j71_A,285,T,0.006999296136200428,0
6j71_A,286,D,0.048972081393003464,0
6j71_A,287,V,0.08260491490364075,0
6j71_A,288,G,0.032609134912490845,0
6j71_A,289,S,0.19316351413726807,0
6j71_A,290,C,0.009007236920297146,0
6j71_A,291,T,0.14988982677459717,0
6j71_A,292,L,0.054245445877313614,0
6j71_A,293,V,0.034189850091934204,0
6j71_A,294,C,0.002386996056884527,0
6j71_A,295,P,0.009131770581007004,0
6j71_A,296,L,0.021457402035593987,0
6j71_A,297,H,0.017202453687787056,0
6j71_A,298,N,0.011211659759283066,0
6j71_A,299,Q,0.004545895848423243,0
6j71_A,300,E,0.003771211951971054,0
6j71_A,301,V,0.009311248548328876,0
6j71_A,302,T,0.018795333802700043,0
6j71_A,303,A,0.03528844565153122,0
6j71_A,304,E,0.0830017477273941,0
6j71_A,305,D,0.028977803885936737,0
6j71_A,306,G,0.0134773263707757,0
6j71_A,307,T,0.014724940992891788,0
6j71_A,308,Q,0.009953423403203487,0
6j71_A,309,R,0.015160408802330494,0
6j71_A,310,C,0.0025496145244687796,0
6j71_A,311,E,0.012115859426558018,0
6j71_A,312,K,0.017382780089974403,0
6j71_A,313,C,0.001890460611321032,0
6j71_A,314,S,0.00758331036195159,0
6j71_A,315,K,0.002777114976197481,0
6j71_A,316,P,0.0007312032976187766,0
6j71_A,317,C,0.0004368579830043018,0
6j71_A,318,A,0.0005455175414681435,0
6j71_A,319,R,0.0019521743524819613,0
6j71_A,320,V,0.0020171720534563065,0
6j71_A,321,C,0.00024838492390699685,0
6j71_A,322,Y,0.0017364860977977514,0
6j71_A,323,G,0.0003149852273054421,0
6j71_A,324,L,0.0016347941709682345,0
6j71_A,325,G,0.005701680667698383,0
6j71_A,326,M,0.005399396177381277,0
6j71_A,327,E,0.007538684643805027,0
6j71_A,328,H,0.00647658109664917,0
6j71_A,329,L,0.0009511494426988065,0
6j71_A,330,R,0.02345004305243492,0
6j71_A,331,E,0.05645155534148216,0
6j71_A,332,V,0.006092813331633806,0
6j71_A,333,R,0.032242301851511,0
6j71_A,334,A,0.01377916894853115,0
6j71_A,335,V,0.0007214943179860711,0
6j71_A,336,T,0.01401390042155981,0
6j71_A,337,S,0.007078912109136581,0
6j71_A,338,A,0.025956375524401665,0
6j71_A,339,N,0.004632993601262569,0
6j71_A,340,I,0.0005090594640932977,0
6j71_A,341,Q,0.007975640706717968,0
6j71_A,342,E,0.019381208345294,0
6j71_A,343,F,0.0015237435000017285,0
6j71_A,344,A,0.012511084787547588,0
6j71_A,345,G,0.01299532875418663,0
6j71_A,346,C,0.001044995617121458,0
6j71_A,347,K,0.009709659963846207,0
6j71_A,348,K,0.017086368054151535,0
6j71_A,349,I,0.00044644749141298234,0
6j71_A,350,F,0.006769994739443064,0
6j71_A,351,G,0.002923093969002366,0
6j71_A,352,S,0.004228455945849419,0
6j71_A,353,L,0.004676728043705225,0
6j71_A,354,A,0.1515362560749054,0
6j71_A,355,F,0.042979661375284195,0
6j71_A,356,L,0.6381778717041016,1
6j71_A,357,P,0.4793669283390045,1
6j71_A,358,E,0.2944144606590271,1
6j71_A,359,S,0.0206914059817791,0
6j71_A,360,F,0.1416044533252716,0
6j71_A,361,D,0.15168219804763794,0
6j71_A,362,G,0.11568710207939148,0
6j71_A,363,D,0.10447609424591064,0
6j71_A,364,P,0.09929627180099487,0
6j71_A,365,A,0.08603517711162567,0
6j71_A,366,S,0.048903513699769974,0
6j71_A,367,N,0.02435528114438057,0
6j71_A,368,T,0.0059603312984108925,0
6j71_A,369,A,0.004725306760519743,0
6j71_A,370,P,0.005342716351151466,0
6j71_A,371,L,0.0009238995262421668,0
6j71_A,372,Q,0.00542632257565856,0
6j71_A,373,P,0.003318171948194504,0
6j71_A,374,E,0.016741923987865448,0
6j71_A,375,Q,0.006875987630337477,0
6j71_A,376,L,0.0004598929372150451,0
6j71_A,377,Q,0.0032555090729147196,0
6j71_A,378,V,0.0005835270858369768,0
6j71_A,379,F,0.0001569615415064618,0
6j71_A,380,E,0.0038462106604129076,0
6j71_A,381,T,0.0028581644874066114,0
6j71_A,382,L,0.0003027276834473014,0
6j71_A,383,E,0.004181729629635811,0
6j71_A,384,E,0.008809476159512997,0
6j71_A,385,I,0.0006167285027913749,0
6j71_A,386,T,0.0031973363365978003,0
6j71_A,387,G,0.001468669273890555,0
6j71_A,388,Y,0.001218530349433422,0
6j71_A,389,L,0.0001569295272929594,0
6j71_A,390,Y,0.011514236219227314,0
6j71_A,391,I,0.00044263916788622737,0
6j71_A,392,S,0.06355757266283035,0
6j71_A,393,A,0.03842119127511978,0
6j71_A,394,W,0.0031967666000127792,0
6j71_A,395,P,0.011836137622594833,0
6j71_A,396,D,0.07312320917844772,0
6j71_A,397,S,0.046085868030786514,0
6j71_A,398,L,0.007491812575608492,0
6j71_A,399,P,0.047438185662031174,0
6j71_A,400,D,0.04107199236750603,0
6j71_A,401,L,0.0027552053797990084,0
6j71_A,402,S,0.022856244817376137,0
6j71_A,403,V,0.004481022711843252,0
6j71_A,404,F,0.0006694808835163713,0
6j71_A,405,Q,0.00674686161801219,0
6j71_A,406,N,0.005500690545886755,0
6j71_A,407,L,0.0003260519588366151,0
6j71_A,408,Q,0.014886616729199886,0
6j71_A,409,V,0.021146994084119797,0
6j71_A,410,I,0.0024152924306690693,0
6j71_A,411,R,0.06270171701908112,0
6j71_A,412,G,0.00798574648797512,0
6j71_A,413,R,0.08666019886732101,0
6j71_A,414,I,0.16430234909057617,0
6j71_A,415,L,0.028897497802972794,0
6j71_A,416,H,0.08126392215490341,0
6j71_A,417,N,0.07759446650743484,0
6j71_A,418,G,0.019109901040792465,0
6j71_A,419,A,0.003094366053119302,0
6j71_A,420,Y,0.0052149309776723385,0
6j71_A,421,S,0.00017366166866850108,0
6j71_A,422,L,0.0004123529070056975,0
6j71_A,423,T,0.035588860511779785,0
6j71_A,424,L,0.0030570116359740496,0
6j71_A,425,Q,0.09776730835437775,0
6j71_A,426,G,0.1309794783592224,0
6j71_A,427,L,0.00437499675899744,0
6j71_A,428,G,0.012502273544669151,0
6j71_A,429,I,0.0019053836585953832,0
6j71_A,430,S,0.025949161499738693,0
6j71_A,431,W,0.010290408506989479,0
6j71_A,432,L,0.0004481151991058141,0
6j71_A,433,G,0.001781721250154078,0
6j71_A,434,L,0.00021595497673843056,0
6j71_A,435,R,0.0024644015356898308,0
6j71_A,436,S,0.001104547642171383,0
6j71_A,437,L,8.985893509816378e-05,0
6j71_A,438,R,0.0020332238636910915,0
6j71_A,439,E,0.005177904851734638,0
6j71_A,440,L,0.00022769546194467694,0
6j71_A,441,G,0.002381319645792246,0
6j71_A,442,S,0.011947300285100937,0
6j71_A,443,G,0.0033911671489477158,0
6j71_A,444,L,0.0019307000329717994,0
6j71_A,445,A,0.0010893968865275383,0
6j71_A,446,L,0.06410358846187592,0
6j71_A,447,I,0.019503749907016754,0
6j71_A,448,H,0.2503311038017273,1
6j71_A,449,H,0.4936361610889435,1
6j71_A,450,N,0.012420807965099812,0
6j71_A,451,T,0.1465078592300415,0
6j71_A,452,H,0.049840327352285385,0
6j71_A,453,L,0.0005655737477354705,0
6j71_A,454,C,0.00045623109326697886,0
6j71_A,455,F,0.004939154721796513,0
6j71_A,456,V,0.0013581428211182356,0
6j71_A,457,H,0.0296816136687994,0
6j71_A,458,T,0.012949518859386444,0
6j71_A,459,V,0.002900576451793313,0
6j71_A,460,P,0.009591734036803246,0
6j71_A,461,W,0.00243587838485837,0
6j71_A,462,D,0.015813760459423065,0
6j71_A,463,Q,0.03352761268615723,0
6j71_A,464,L,0.002232236322015524,0
6j71_A,465,F,0.0015370049513876438,0
6j71_A,466,R,0.0029066051356494427,0
6j71_A,467,N,0.001074134954251349,0
6j71_A,468,P,0.0003712272155098617,0
6j71_A,469,H,0.0004801553732249886,0
6j71_A,470,Q,0.0006325470167212188,0
6j71_A,471,A,0.0011745240772143006,0
6j71_A,472,L,0.0013550021685659885,0
6j71_A,473,L,0.0038021255750209093,0
6j71_A,474,H,0.0058122668415308,0
6j71_A,475,T,0.021528366953134537,0
6j71_A,476,A,0.06217963621020317,0
6j71_A,477,N,0.016610663384199142,0
6j71_A,478,R,0.1152828112244606,0
6j71_A,479,P,0.1502935290336609,0
6j71_A,480,E,0.07211007922887802,0
6j71_A,481,D,0.15013818442821503,0
6j71_A,482,E,0.059880681335926056,0
6j71_A,483,C,0.0007234510849229991,0
6j71_A,484,V,0.011787009425461292,0
6j71_A,485,G,0.02308332733809948,0
6j71_A,486,E,0.02196468412876129,0
6j71_A,487,G,0.006693653296679258,0
6j71_A,488,L,0.006641682703047991,0
6j71_A,489,A,0.014941047877073288,0
6j71_A,490,C,0.0023774178698658943,0
6j71_A,491,H,0.007341172080487013,0
6j71_A,492,Q,0.021389633417129517,0
6j71_A,493,L,0.006219889968633652,0
6j71_A,494,C,0.00041115315980277956,0
6j71_A,495,A,0.002746360143646598,0
6j71_A,496,R,0.006643623113632202,0
6j71_A,497,G,0.0024538810830563307,0
6j71_A,498,H,0.004642487037926912,0
6j71_A,499,C,0.0007229410693980753,0
6j71_A,500,W,0.00044998942757956684,0
6j71_A,501,G,0.0007452764548361301,0
6j71_A,502,P,0.004821580834686756,0
6j71_A,503,G,0.002677983371540904,0
6j71_A,504,P,0.006098061800003052,0
6j71_A,505,T,0.02274227701127529,0
6j71_A,506,Q,0.0038485557306557894,0
6j71_A,507,C,0.00032393360743299127,0
6j71_A,508,V,0.0006445837207138538,0
6j71_A,509,N,0.0035665531177073717,0
6j71_A,510,C,0.00019450947002042085,0
6j71_A,511,S,0.007470034994184971,0
6j71_A,512,Q,0.00659869285300374,0
6j71_A,513,F,0.001903733005747199,0
6j71_A,514,L,0.0034623832907527685,0
6j71_A,515,R,0.03522458299994469,0
6j71_A,516,G,0.07759367674589157,0
6j71_A,517,Q,0.05195970833301544,0
6j71_A,518,E,0.043914105743169785,0
6j71_A,519,C,0.0016859782626852393,0
6j71_A,520,V,0.012776088900864124,0
6j71_A,521,E,0.02660195343196392,0
6j71_A,522,E,0.016657017171382904,0
6j71_A,523,C,0.0012137885205447674,0
6j71_A,524,R,0.006679467391222715,0
6j71_A,525,V,0.004913243930786848,0
6j71_A,526,L,0.017041241750121117,0
6j71_A,527,Q,0.0039791539311409,0
6j71_A,528,G,0.0012986826477572322,0
6j71_A,529,L,0.00580232311040163,0
6j71_A,530,P,0.002370699541643262,0
6j71_A,531,R,0.00011693529086187482,0
6j71_A,532,E,0.0003338028327561915,0
6j71_A,533,Y,0.0007811565301381052,0
6j71_A,534,V,0.005155874881893396,0
6j71_A,535,N,0.027738628908991814,0
6j71_A,536,A,0.1289297342300415,0
6j71_A,537,R,0.05404280871152878,0
6j71_A,538,H,0.12188292294740677,0
6j71_A,539,C,0.004903711378574371,0
6j71_A,540,L,0.0424063540995121,0
6j71_A,541,P,0.030792778357863426,0
6j71_A,542,C,0.001589270425029099,0
6j71_A,543,H,0.003730771830305457,0
6j71_A,544,P,0.008101416751742363,0
6j71_A,545,E,0.0026439325883984566,0
6j71_A,546,C,0.00019172648899257183,0
6j71_A,547,Q,0.0014246045611798763,0
6j71_A,548,P,0.003430412383750081,0
6j71_A,549,Q,0.0011434664484113455,0
6j71_A,550,N,0.008510775864124298,0
6j71_A,551,G,0.0034349507186561823,0
6j71_A,552,S,0.004128631670027971,0
6j71_A,553,V,0.00593430595472455,0
6j71_A,554,T,0.0008889252785593271,0
6j71_A,555,C,0.00035233632661402225,0
6j71_A,556,F,0.004168397281318903,0
6j71_A,557,G,0.0013579993974417448,0
6j71_A,558,P,0.018509486690163612,0
6j71_A,559,E,0.0499691404402256,0
6j71_A,560,A,0.05802617222070694,0
6j71_A,561,D,0.3205346465110779,1
6j71_A,562,Q,0.40317395329475403,1
6j71_A,563,C,0.01937887817621231,0
6j71_A,564,V,0.29123997688293457,1
6j71_A,565,A,0.20699936151504517,0
6j71_A,566,C,0.005998282693326473,0
6j71_A,567,A,0.129149928689003,0
6j71_A,568,H,0.20142976939678192,0
6j71_A,569,Y,0.0313260518014431,0
6j71_A,570,K,0.03614368289709091,0
6j71_A,571,D,0.1258116215467453,0
6j71_A,572,P,0.3611927628517151,1
6j71_A,573,P,0.44651392102241516,1
6j71_A,574,F,0.15160061419010162,0
6j71_A,575,C,0.012506854720413685,0
6j71_A,576,V,0.09457315504550934,0
6j71_A,577,A,0.2034728229045868,0
6j71_A,578,R,0.07672809064388275,0
6j71_A,579,C,0.004519650712609291,0
6j71_A,580,P,0.013864039443433285,0
6j71_A,581,S,0.0209560077637434,0
6j71_A,582,G,0.017498355358839035,0
6j71_A,583,V,0.02794027142226696,0
6j71_A,584,K,0.05771761015057564,0
6j71_A,585,P,0.020657123997807503,0
6j71_A,586,D,0.00822587963193655,0
6j71_A,587,L,0.023023171350359917,0
6j71_A,588,S,0.006151391193270683,0
6j71_A,589,Y,0.009149040095508099,0
6j71_A,590,M,0.05536811053752899,0
6j71_A,591,P,0.21324899792671204,1
6j71_A,592,I,0.12312539666891098,0
6j71_A,593,W,0.048552703112363815,0
6j71_A,594,K,0.030911626294255257,0
6j71_A,595,F,0.0031984734814614058,0
6j71_A,596,P,0.01691179722547531,0
6j71_A,597,D,0.04813818261027336,0
6j71_A,598,E,0.10461342334747314,0
6j71_A,599,E,0.09512846916913986,0
6j71_A,600,G,0.02838914468884468,0
6j71_A,601,A,0.02352781780064106,0
6j71_A,602,C,0.0009154288563877344,0
6j71_A,603,Q,0.0011223016772419214,0
6j71_A,604,P,0.0010982694802805781,0
6j71_A,605,C,0.00064122024923563,0
6j71_A,606,P,0.0006357078673318028,0
6j71_A,607,I,0.00043842109153047204,0
6j71_A,608,N,0.0011998803820461035,0
6j71_A,609,C,0.0020482761319726706,0
6j71_A,610,T,0.0019053755095228553,0
6j71_A,611,H,0.0007383419433608651,0
6j71_A,612,S,0.00036484215524978936,0
6j71_A,613,C,0.00038763482007198036,0
6j71_A,614,V,0.0004234994121361524,0
6j71_A,615,D,0.0016854817513376474,0
6j71_A,616,L,0.00414239801466465,0
6j71_A,617,D,0.013733018189668655,0
6j71_A,618,D,0.027581138536334038,0
6oan_A,1,N,0.007189318537712097,0
6oan_A,2,C,0.0006824537413194776,0
6oan_A,3,N,0.003273526905104518,0
6oan_A,4,Y,0.01206558384001255,0
6oan_A,5,K,0.008021557703614235,0
6oan_A,6,R,0.06334768235683441,0
6oan_A,7,K,0.15393434464931488,0
6oan_A,8,R,0.1344395875930786,0
6oan_A,9,R,0.053477607667446136,0
6oan_A,10,E,0.026043862104415894,0
6oan_A,11,R,0.03173854202032089,0
6oan_A,12,D,0.014365696348249912,0
6oan_A,13,W,0.004085781518369913,0
6oan_A,14,D,0.01005745679140091,0
6oan_A,15,C,0.003075178014114499,0
6oan_A,16,N,0.02722051925957203,0
6oan_A,17,T,0.050576768815517426,0
6oan_A,18,K,0.07804372906684875,0
6oan_A,19,K,0.13459564745426178,0
6oan_A,20,D,0.07694124430418015,0
6oan_A,21,V,0.0064881653524935246,0
6oan_A,22,C,0.0008315686136484146,0
6oan_A,23,I,0.0020199883729219437,0
6oan_A,24,P,0.0004966029664501548,0
6oan_A,25,D,0.002400265308097005,0
6oan_A,26,R,0.0006024729809723794,0
6oan_A,27,R,6.263871910050511e-05,0
6oan_A,28,Y,0.004985575098544359,0
6oan_A,29,Q,0.0006364368018694222,0
6oan_A,30,L,3.458949868218042e-05,0
6oan_A,31,C,6.996090814936906e-05,0
6oan_A,32,M,0.0015378117095679045,0
6oan_A,33,K,0.016400901600718498,0
6oan_A,34,E,0.004446570295840502,0
6oan_A,35,L,0.002550402656197548,0
6oan_A,36,T,0.05993210896849632,0
6oan_A,37,N,0.029962388798594475,0
6oan_A,38,L,0.0013093699235469103,0
6oan_A,39,V,0.0020628299098461866,0
6oan_A,40,D,0.0014600527938455343,0
6oan_A,41,I,0.0011501258704811335,0
6oan_A,42,T,0.0011900131357833743,0
6oan_A,43,F,0.0022721479181200266,0
6oan_A,44,R,0.001124879578128457,0
6oan_A,45,K,0.00043036218266934156,0
6oan_A,46,L,0.0019481872441247106,0
6oan_A,47,Y,0.00043239499791525304,0
6oan_A,48,L,3.3480817364761606e-05,0
6oan_A,49,K,8.420174708589911e-05,0
6oan_A,50,R,0.002654118463397026,0
6oan_A,51,K,0.0007960223010741174,0
6oan_A,52,L,8.90423689270392e-05,0
6oan_A,53,I,0.0034830006770789623,0
6oan_A,54,Y,0.0023051132448017597,0
6oan_A,55,D,5.895669528399594e-05,0
6oan_A,56,A,1.801915823307354e-05,0
6oan_A,57,A,0.00031056636362336576,0
6oan_A,58,V,0.0003297592047601938,0
6oan_A,59,E,2.3748456442262977e-05,0
6oan_A,60,G,4.681771679315716e-05,0
6oan_A,61,D,0.007325555197894573,0
6oan_A,62,L,0.0010973273310810328,0
6oan_A,63,L,0.0003987749223597348,0
6oan_A,64,L,0.0021743690595030785,0
6oan_A,65,K,0.06356452405452728,0
6oan_A,66,L,0.01774541474878788,0
6oan_A,67,N,0.012848817743360996,0
6oan_A,68,N,0.18599243462085724,0
6oan_A,69,Y,0.4413571059703827,1
6oan_A,70,R,0.2292935699224472,1
6oan_A,71,Y,0.09473352879285812,0
6oan_A,72,N,0.23746562004089355,1
6oan_A,73,K,0.39015719294548035,1
6oan_A,74,D,0.20011021196842194,0
6oan_A,75,F,0.007197501603513956,0
6oan_A,76,C,0.012806014157831669,0
6oan_A,77,K,0.3432151973247528,1
6oan_A,78,D,0.039471372961997986,0
6oan_A,79,I,0.0016298270784318447,0
6oan_A,80,R,0.012035519815981388,0
6oan_A,81,W,0.003547179512679577,0
6oan_A,82,S,0.0007437127642333508,0
6oan_A,83,L,0.0003918736765626818,0
6oan_A,84,G,0.0016937637701630592,0
6oan_A,85,D,0.0006386017194017768,0
6oan_A,86,F,0.0013148448197171092,0
6oan_A,87,G,0.0009766081348061562,0
6oan_A,88,D,0.001237407443113625,0
6oan_A,89,I,0.0010590703459456563,0
6oan_A,90,I,0.000555294391233474,0
6oan_A,91,M,0.008326279930770397,0
6oan_A,92,G,0.0019210459431633353,0
6oan_A,93,T,0.011057622730731964,0
6oan_A,94,D,0.0026034789625555277,0
6oan_A,95,M,0.031302567571401596,0
6oan_A,96,E,0.023042932152748108,0
6oan_A,97,G,0.032630667090415955,0
6oan_A,98,I,0.12037597596645355,0
6oan_A,99,G,0.09890233725309372,0
6oan_A,100,Y,0.17805320024490356,0
6oan_A,101,S,0.0028072043787688017,0
6oan_A,102,K,0.03602989763021469,0
6oan_A,103,V,0.041705723851919174,0
6oan_A,104,V,0.00033091625664383173,0
6oan_A,105,E,0.00664620753377676,0
6oan_A,106,N,0.027180053293704987,0
6oan_A,107,N,0.005425599403679371,0
6oan_A,108,L,0.0005280504119582474,0
6oan_A,109,R,0.039096567779779434,0
6oan_A,110,S,0.021009808406233788,0
6oan_A,111,I,0.0033898090478032827,0
6oan_A,112,F,0.001974019454792142,0
6oan_A,113,G,0.001148938201367855,0
6oan_A,114,T,0.01702006720006466,0
6oan_A,115,D,0.008687919937074184,0
6oan_A,116,E,0.018085742369294167,0
6oan_A,117,K,0.019515663385391235,0
6oan_A,118,A,0.0036612236872315407,0
6oan_A,119,Q,0.021375035867094994,0
6oan_A,120,Q,0.06592611968517303,0
6oan_A,121,R,0.04549892246723175,0
6oan_A,122,R,0.016144676133990288,0
6oan_A,123,K,0.05607473477721214,0
6oan_A,124,Q,0.04295038804411888,0
6oan_A,125,W,0.004951595328748226,0
6oan_A,126,W,0.00643187714740634,0
6oan_A,127,N,0.02567494660615921,0
6oan_A,128,E,0.036843448877334595,0
6oan_A,129,S,0.004367338493466377,0
6oan_A,130,K,0.0013844649074599147,0
6oan_A,131,A,0.018712865188717842,0
6oan_A,132,Q,0.013553832657635212,0
6oan_A,133,I,0.0004943851963616908,0
6oan_A,134,W,0.00043679861119017005,0
6oan_A,135,T,0.01464762445539236,0
6oan_A,136,A,0.0011966588208451867,0
6oan_A,137,M,0.00010055182792712003,0
6oan_A,138,M,0.0008387283887714148,0
6oan_A,139,Y,0.026378201320767403,0
6oan_A,140,S,0.04816589131951332,0
6oan_A,141,V,0.00931634847074747,0
6oan_A,142,K,0.06980469822883606,0
6oan_A,143,K,0.09906063973903656,0
6oan_A,144,R,0.14938004314899445,0
6oan_A,145,L,0.07545054703950882,0
6oan_A,146,K,0.10374817997217178,0
6oan_A,147,G,0.0777340903878212,0
6oan_A,148,N,0.10192535072565079,0
6oan_A,149,F,0.2098827213048935,0
6oan_A,150,I,0.30752578377723694,1
6oan_A,151,W,0.5968866348266602,1
6oan_A,152,I,0.44083505868911743,1
6oan_A,153,C,0.13605427742004395,0
6oan_A,154,K,0.46962136030197144,1
6oan_A,155,L,0.46006518602371216,1
6oan_A,156,N,0.5872653722763062,1
6oan_A,157,V,0.4571273624897003,1
6oan_A,158,A,0.05236441642045975,0
6oan_A,159,V,0.07509878277778625,0
6oan_A,160,N,0.25476428866386414,1
6oan_A,161,I,0.13457393646240234,0
6oan_A,162,E,0.04093990847468376,0
6oan_A,163,P,0.038586970418691635,0
6oan_A,164,Q,0.002831344725564122,0
6oan_A,165,I,0.003227628767490387,0
6oan_A,166,Y,0.00975802168250084,0
6oan_A,167,R,0.003676224034279585,0
6oan_A,168,W,0.00019781908486038446,0
6oan_A,169,I,0.00011184468166902661,0
6oan_A,170,R,0.0020883241668343544,0
6oan_A,171,E,0.0001510029105702415,0
6oan_A,172,W,3.5391232813708484e-05,0
6oan_A,173,G,1.243695896846475e-05,0
6oan_A,174,R,0.00022721206187270582,0
6oan_A,175,D,5.7083416322711855e-05,0
6oan_A,176,Y,5.309446351020597e-05,0
6oan_A,177,V,0.00013694439257960767,0
6oan_A,178,S,0.0001289244828512892,0
6oan_A,179,E,4.8486512241652235e-05,0
6oan_A,180,L,0.0003759156388696283,0
6oan_A,181,P,0.0003748061426449567,0
6oan_A,182,T,0.00031925836810842156,0
6oan_A,183,E,9.140103793470189e-05,0
6oan_A,184,V,0.00011634801921900362,0
6oan_A,185,Q,8.100277773337439e-05,0
6oan_A,186,K,7.160101813497022e-05,0
6oan_A,187,L,5.86114329053089e-05,0
6oan_A,188,K,0.00014180739526636899,0
6oan_A,189,E,0.00013383921759668738,0
6oan_A,190,C,3.297776493127458e-05,0
6oan_A,191,Q,4.918393460684456e-05,0
6oan_A,192,N,9.094086999539286e-05,0
6oan_A,193,A,4.422068013809621e-05,0
6oan_A,194,C,0.0001213231444125995,0
6oan_A,195,K,0.000153551998664625,0
6oan_A,196,S,0.00015828447067178786,0
6oan_A,197,Y,5.404977855505422e-05,0
6oan_A,198,D,0.0005902000120840967,0
6oan_A,199,Q,0.0008264867356047034,0
6oan_A,200,W,0.0004491696017794311,0
6oan_A,201,I,9.172768477583304e-05,0
6oan_A,202,T,0.0014793165028095245,0
6oan_A,203,R,0.0007102813688106835,0
6oan_A,204,K,0.00010171010944759473,0
6oan_A,205,K,0.0006406456814147532,0
6oan_A,206,N,0.00031417395803146064,0
6oan_A,207,Q,1.4754424228158314e-05,0
6oan_A,208,W,3.076923167100176e-05,0
6oan_A,209,D,0.0008497943636029959,0
6oan_A,210,V,0.0001953963510459289,0
6oan_A,211,L,3.355193621246144e-05,0
6oan_A,212,S,0.00029241558513604105,0
6oan_A,213,N,0.001188027672469616,0
6oan_A,214,K,0.00022886753140483052,0
6oan_A,215,F,0.0002535440435167402,0
6oan_A,216,I,0.0026146003510802984,0
6oan_A,217,S,0.001471156720072031,0
6oan_A,218,V,0.001197715988382697,0
6oan_A,219,K,0.0024846098385751247,0
6oan_A,220,N,0.001193789765238762,0
6oan_A,221,A,0.0013050478883087635,0
6oan_A,222,A,0.001085481490008533,0
6oan_A,223,G,0.0017919588135555387,0
6oan_A,224,I,0.000786207034252584,0
6oan_A,225,V,0.0019114717142656446,0
6oan_A,226,T,0.0014180431608110666,0
6oan_A,227,P,0.0001679298293311149,0
6oan_A,228,Y,0.0008106784662231803,0
6oan_A,229,D,0.004305702168494463,0
6oan_A,230,I,0.0004661832645069808,0
6oan_A,231,L,0.0005140104331076145,0
6oan_A,232,K,0.06095512956380844,0
6oan_A,233,Q,0.2418099045753479,1
6oan_A,234,E,0.05365089327096939,0
6oan_A,235,L,0.0436115562915802,0
6oan_A,236,D,0.3557144105434418,1
6oan_A,237,E,0.22580769658088684,1
6oan_A,238,F,0.013733649626374245,0
6oan_A,239,N,0.02721036784350872,0
6oan_A,240,E,0.049195390194654465,0
6oan_A,241,V,0.07884901762008667,0
6oan_A,242,A,0.053916871547698975,0
6oan_A,243,F,0.0012161053018644452,0
6oan_A,244,E,0.007042739540338516,0
6oan_A,245,N,0.015987377613782883,0
6oan_A,246,E,0.008346361108124256,0
6oan_A,247,I,0.007366247475147247,0
6oan_A,248,N,0.02187696285545826,0
6oan_A,249,K,0.016306951642036438,0
6oan_A,250,R,0.015335042960941792,0
6oan_A,251,D,0.0055146897211670876,0
6oan_A,252,G,0.030209675431251526,0
6oan_A,253,A,0.03723709657788277,0
6oan_A,254,Y,0.009130497463047504,0
6oan_C,1,N,0.014032922685146332,0
6oan_C,2,C,0.0026551345363259315,0
6oan_C,3,N,0.018730171024799347,0
6oan_C,4,Y,0.023876773193478584,0
6oan_C,5,K,0.015371626242995262,0
6oan_C,6,R,0.07512198388576508,0
6oan_C,7,K,0.15063674747943878,0
6oan_C,8,R,0.11818960309028625,0
6oan_C,9,R,0.06718810647726059,0
6oan_C,10,E,0.04333389177918434,0
6oan_C,11,R,0.0383073128759861,0
6oan_C,12,D,0.015114549547433853,0
6oan_C,13,W,0.0035378169268369675,0
6oan_C,14,D,0.013372807763516903,0
6oan_C,15,C,0.003534110728651285,0
6oan_C,16,N,0.02888403832912445,0
6oan_C,17,T,0.04863588139414787,0
6oan_C,18,K,0.06045972555875778,0
6oan_C,19,K,0.08600913733243942,0
6oan_C,20,D,0.041854988783597946,0
6oan_C,21,V,0.0043183728121221066,0
6oan_C,22,C,0.00044381117913872004,0
6oan_C,23,I,0.0014792269794270396,0
6oan_C,24,P,0.0004947055713273585,0
6oan_C,25,D,0.00171818514354527,0
6oan_C,26,R,0.0006097162840887904,0
6oan_C,27,R,6.32141818641685e-05,0
6oan_C,28,Y,0.005377335473895073,0
6oan_C,29,Q,0.0007051810389384627,0
6oan_C,30,L,4.1535218770150095e-05,0
6oan_C,31,C,7.452203863067552e-05,0
6oan_C,32,M,0.0006656848127022386,0
6oan_C,33,K,0.010887549258768559,0
6oan_C,34,E,0.0036914919037371874,0
6oan_C,35,L,0.0020212989766150713,0
6oan_C,36,T,0.055075883865356445,0
6oan_C,37,N,0.04128992184996605,0
6oan_C,38,L,0.004007930401712656,0
6oan_C,39,V,0.00488796504214406,0
6oan_C,40,T,0.008217795751988888,0
6oan_C,41,F,0.008790373802185059,0
6oan_C,42,R,0.003803635947406292,0
6oan_C,43,K,0.0012349748285487294,0
6oan_C,44,L,0.001615162123925984,0
6oan_C,45,Y,0.00030032271752133965,0
6oan_C,46,L,2.343894993828144e-05,0
6oan_C,47,K,8.212604734580964e-05,0
6oan_C,48,R,0.0028689668979495764,0
6oan_C,49,K,0.0012797857634723186,0
6oan_C,50,L,0.00013461627531796694,0
6oan_C,51,I,0.006964616943150759,0
6oan_C,52,Y,0.00805583130568266,0
6oan_C,53,D,0.0002285650698468089,0
6oan_C,54,A,5.382993185776286e-05,0
6oan_C,55,A,0.0017172537045553327,0
6oan_C,56,V,0.0035395706072449684,0
6oan_C,57,E,4.479485869524069e-05,0
6oan_C,58,G,4.126753628952429e-05,0
6oan_C,59,D,0.0029543018899858,0
6oan_C,60,L,0.00038488529389724135,0
6oan_C,61,L,0.00010303538874723017,0
6oan_C,62,L,0.001166202942840755,0
6oan_C,63,K,0.03408119082450867,0
6oan_C,64,L,0.004102934617549181,0
6oan_C,65,N,0.00293555436655879,0
6oan_C,66,N,0.03314869478344917,0
6oan_C,67,Y,0.073523610830307,0
6oan_C,68,R,0.032267339527606964,0
6oan_C,69,Y,0.005624483339488506,0
6oan_C,70,N,0.03126336634159088,0
6oan_C,71,K,0.06612086296081543,0
6oan_C,72,D,0.060521434992551804,0
6oan_C,73,F,0.002160349627956748,0
6oan_C,74,C,0.001565644983202219,0
6oan_C,75,K,0.1522250473499298,0
6oan_C,76,D,0.013183267787098885,0
6oan_C,77,I,0.000658936332911253,0
6oan_C,78,R,0.004927515983581543,0
6oan_C,79,W,0.0006720405071973801,0
6oan_C,80,S,8.27032927190885e-05,0
6oan_C,81,L,4.932297088089399e-05,0
6oan_C,82,G,0.00023215697729028761,0
6oan_C,83,D,0.0001737171405693516,0
6oan_C,84,F,0.00045478215906769037,0
6oan_C,85,G,0.00018349599849898368,0
6oan_C,86,D,0.0004962833481840789,0
6oan_C,87,I,0.0007594990311190486,0
6oan_C,88,I,0.0008607808849774301,0
6oan_C,89,M,0.024741508066654205,0
6oan_C,90,G,0.004882560111582279,0
6oan_C,91,T,0.016576411202549934,0
6oan_C,92,D,0.002143669407814741,0
6oan_C,93,M,0.01865290477871895,0
6oan_C,94,E,0.013342788442969322,0
6oan_C,95,G,0.017089281231164932,0
6oan_C,96,I,0.12878063321113586,0
6oan_C,97,G,0.06873126327991486,0
6oan_C,98,Y,0.11332587897777557,0
6oan_C,99,S,0.0028719708789139986,0
6oan_C,100,K,0.04800816997885704,0
6oan_C,101,V,0.10852231085300446,0
6oan_C,102,V,0.0014754082076251507,0
6oan_C,103,E,0.044155657291412354,0
6oan_C,104,N,0.09999703615903854,0
6oan_C,105,N,0.015204262919723988,0
6oan_C,106,L,0.00040252573671750724,0
6oan_C,107,R,0.015405866317451,0
6oan_C,108,S,0.008498785085976124,0
6oan_C,109,I,0.0007242657011374831,0
6oan_C,110,F,0.0010912881698459387,0
6oan_C,111,G,0.0007499472703784704,0
6oan_C,112,T,0.003434039419516921,0
6oan_C,113,D,0.0007705714087933302,0
6oan_C,114,E,0.002234772779047489,0
6oan_C,115,K,0.0015682888915762305,0
6oan_C,116,A,0.0004953597672283649,0
6oan_C,117,Q,0.00188765290658921,0
6oan_C,118,Q,0.0029853982850909233,0
6oan_C,119,R,0.0025912108831107616,0
6oan_C,120,R,0.0011937790550291538,0
6oan_C,121,K,0.006287610623985529,0
6oan_C,122,Q,0.00603049760684371,0
6oan_C,123,W,0.0010154311312362552,0
6oan_C,124,W,0.00048636295832693577,0
6oan_C,125,N,0.004383697174489498,0
6oan_C,126,E,0.009098728187382221,0
6oan_C,127,S,0.002026353031396866,0
6oan_C,128,K,0.0014268672093749046,0
6oan_C,129,A,0.0260560754686594,0
6oan_C,130,Q,0.008485171012580395,0
6oan_C,131,I,0.0004643398569896817,0
6oan_C,132,W,0.0012153571005910635,0
6oan_C,133,T,0.018382132053375244,0
6oan_C,134,A,0.0018034479580819607,0
6oan_C,135,M,0.00025704444851726294,0
6oan_C,136,M,0.005801138002425432,0
6oan_C,137,Y,0.06455990672111511,0
6oan_C,138,S,0.12063296884298325,0
6oan_C,139,V,0.07086224853992462,0
6oan_C,140,K,0.22191844880580902,1
6oan_C,141,K,0.3475581109523773,1
6oan_C,142,R,0.4896984100341797,1
6oan_C,143,L,0.389350950717926,1
6oan_C,144,K,0.3067390024662018,1
6oan_C,145,G,0.17866644263267517,0
6oan_C,146,N,0.09155363589525223,0
6oan_C,147,F,0.05635660141706467,0
6oan_C,148,I,0.04738755524158478,0
6oan_C,149,W,0.04557338356971741,0
6oan_C,150,I,0.04039550945162773,0
6oan_C,151,C,0.00758558651432395,0
6oan_C,152,K,0.015582198277115822,0
6oan_C,153,L,0.017927566543221474,0
6oan_C,154,N,0.015414807014167309,0
6oan_C,155,V,0.012009093537926674,0
6oan_C,156,A,0.0007145470008254051,0
6oan_C,157,V,0.001260110642760992,0
6oan_C,158,N,0.012977010570466518,0
6oan_C,159,I,0.008548006415367126,0
6oan_C,160,E,0.006264975760132074,0
6oan_C,161,P,0.006584904156625271,0
6oan_C,162,Q,0.0008958461112342775,0
6oan_C,163,I,0.0034080352634191513,0
6oan_C,164,Y,0.035351842641830444,0
6oan_C,165,R,0.013461808674037457,0
6oan_C,166,W,0.0006946985959075391,0
6oan_C,167,I,0.00041637677350081503,0
6oan_C,168,R,0.00817929394543171,0
6oan_C,169,E,0.0002822750830091536,0
6oan_C,170,W,7.490556163247675e-05,0
6oan_C,171,G,2.348884845559951e-05,0
6oan_C,172,R,0.0007733193342573941,0
6oan_C,173,D,0.00012747831351589411,0
6oan_C,174,Y,6.250249134609476e-05,0
6oan_C,175,V,0.00017840223154053092,0
6oan_C,176,S,0.00011073244240833446,0
6oan_C,177,E,5.8782050473382697e-05,0
6oan_C,178,L,0.0004168176092207432,0
6oan_C,179,P,0.00026576744858175516,0
6oan_C,180,T,0.00018587062368169427,0
6oan_C,181,E,8.601245644968003e-05,0
6oan_C,182,V,0.00014042132534086704,0
6oan_C,183,Q,0.00012315090862102807,0
6oan_C,184,K,7.81181879574433e-05,0
6oan_C,185,C,4.1372113628312945e-05,0
6oan_C,186,Q,5.121050344314426e-05,0
6oan_C,187,N,7.847253436921164e-05,0
6oan_C,188,A,4.2972355004167184e-05,0
6oan_C,189,C,4.755758345709182e-05,0
6oan_C,190,K,6.0869555454701185e-05,0
6oan_C,191,S,8.486386650474742e-05,0
6oan_C,192,Y,3.1219504307955503e-05,0
6oan_C,193,D,0.00014219031436368823,0
6oan_C,194,Q,0.00012559893366415054,0
6oan_C,195,W,6.43021849100478e-05,0
6oan_C,196,I,2.454422792652622e-05,0
6oan_C,197,T,0.0003115206491202116,0
6oan_C,198,R,0.00016436401347164065,0
6oan_C,199,K,3.561662742868066e-05,0
6oan_C,200,K,0.0007008022512309253,0
6oan_C,201,N,0.0007016513263806701,0
6oan_C,202,Q,4.5402066461974755e-05,0
6oan_C,203,W,6.628706614719704e-05,0
6oan_C,204,D,0.0012868671910837293,0
6oan_C,205,V,0.00021498321439139545,0
6oan_C,206,L,2.4179365937015973e-05,0
6oan_C,207,S,0.0004996726638637483,0
6oan_C,208,N,0.003433904144912958,0
6oan_C,209,K,0.00040367411565966904,0
6oan_C,210,F,0.0005547050968743861,0
6oan_C,211,I,0.0036394710186868906,0
6oan_C,212,S,0.0017875010380521417,0
6oan_C,213,V,0.0008967483881860971,0
6oan_C,214,K,0.0038062871899455786,0
6oan_C,215,N,0.0021678991615772247,0
6oan_C,216,A,0.0018107228679582477,0
6oan_C,217,T,0.0011756489984691143,0
6oan_C,218,A,0.0016705594025552273,0
6oan_C,219,G,0.0010532857850193977,0
6oan_C,220,I,0.0004917486221529543,0
6oan_C,221,V,0.0009684879914857447,0
6oan_C,222,T,0.0009603694197721779,0
6oan_C,223,P,0.00016535860777366906,0
6oan_C,224,Y,0.0013833624543622136,0
6oan_C,225,D,0.0034590039867907763,0
6oan_C,226,I,0.00036799345980398357,0
6oan_C,227,L,0.00044603340211324394,0
6oan_C,228,K,0.011508761905133724,0
6oan_C,229,Q,0.04430745914578438,0
6oan_C,230,E,0.013240004889667034,0
6oan_C,231,L,0.06456160545349121,0
6oan_C,232,F,0.02612946182489395,0
6oan_C,233,N,0.014514166861772537,0
6oan_C,234,E,0.0563872754573822,0
6oan_C,235,V,0.1571870744228363,0
6oan_C,236,A,0.0733807384967804,0
6oan_C,237,F,0.0021609992254525423,0
6oan_C,238,E,0.005583969876170158,0
6oan_C,239,N,0.01577243208885193,0
6oan_C,240,E,0.01029951311647892,0
6oan_C,241,I,0.004132711794227362,0
6oan_C,242,N,0.022724507376551628,0
6oan_C,243,K,0.007796166930347681,0
6oan_C,244,R,0.02237963303923607,0
6oan_C,245,D,0.02661014162003994,0
6oan_C,246,G,0.03651269152760506,0
6oan_C,247,A,0.028423579409718513,0
6oan_C,248,Y,0.14414359629154205,0
6pcu_A,1,G,0.15966202318668365,0
6pcu_A,2,S,0.16806772351264954,0
6pcu_A,3,I,0.16631725430488586,0
6pcu_A,4,L,0.34367647767066956,1
6pcu_A,5,D,0.5951728224754333,1
6pcu_A,6,G,0.9342201948165894,1
6pcu_A,7,P,0.9327988624572754,1
6pcu_A,8,Y,0.6979597210884094,1
6pcu_A,9,Q,0.8869569301605225,1
6pcu_A,10,P,0.7081528306007385,1
6pcu_A,11,T,0.7065274715423584,1
6pcu_A,12,T,0.849353551864624,1
6pcu_A,13,F,0.46952664852142334,1
6pcu_A,14,K,0.41678470373153687,1
6pcu_A,15,P,0.04577328637242317,0
6pcu_A,16,P,0.06519224494695663,0
6pcu_A,17,N,0.0291594285517931,0
6pcu_A,18,D,0.03372443839907646,0
6pcu_A,19,Y,0.024009516462683678,0
6pcu_A,20,W,0.026499232277274132,0
6pcu_A,21,L,0.001842630561441183,0
6pcu_A,22,L,0.0006524812779389322,0
6pcu_A,23,I,0.0006155387382023036,0
6pcu_A,24,S,0.002619609935209155,0
6pcu_A,25,S,0.00037001376040279865,0
6pcu_A,26,N,0.01525571197271347,0
6pcu_A,27,T,0.04851507395505905,0
6pcu_A,28,D,0.10165999829769135,0
6pcu_A,29,G,0.046060457825660706,0
6pcu_A,30,V,0.043565068393945694,0
6pcu_A,31,V,0.0038177494425326586,0
6pcu_A,32,Y,0.011137331835925579,0
6pcu_A,33,E,0.09218109399080276,0
6pcu_A,34,S,0.02046222612261772,0
6pcu_A,35,T,0.03769877925515175,0
6pcu_A,36,N,0.1215648427605629,0
6pcu_A,37,N,0.279339462518692,1
6pcu_A,38,S,0.3356916606426239,1
6pcu_A,39,D,0.12130367010831833,0
6pcu_A,40,F,0.011056899093091488,0
6pcu_A,41,W,0.06506481766700745,0
6pcu_A,42,T,0.007062079850584269,0
6pcu_A,43,A,0.0001396284787915647,0
6pcu_A,44,V,0.00017671901150606573,0
6pcu_A,45,I,0.00013082093209959567,0
6pcu_A,46,A,0.00011413283209549263,0
6pcu_A,47,V,0.0003639089409261942,0
6pcu_A,48,E,0.0021605303045362234,0
6pcu_A,49,P,0.01583455316722393,0
6pcu_A,50,H,0.5999827980995178,1
6pcu_A,51,V,0.22389006614685059,1
6pcu_A,52,S,0.7418625950813293,1
6pcu_A,53,Q,0.9008005857467651,1
6pcu_A,54,T,0.8015474677085876,1
6pcu_A,55,N,0.8624728322029114,1
6pcu_A,56,R,0.5192055702209473,1
6pcu_A,57,Q,0.7105033993721008,1
6pcu_A,58,Y,0.1941436529159546,0
6pcu_A,59,V,0.3102036416530609,1
6pcu_A,60,L,0.006008312571793795,0
6pcu_A,61,F,0.07662282884120941,0
6pcu_A,62,G,0.2797977030277252,1
6pcu_A,63,E,0.34717994928359985,1
6pcu_A,64,N,0.4898104965686798,1
6pcu_A,65,K,0.4262915253639221,1
6pcu_A,66,Q,0.6548240780830383,1
6pcu_A,67,F,0.42885342240333557,1
6pcu_A,68,N,0.2736767828464508,1
6pcu_A,69,V,0.038808029145002365,0
6pcu_A,70,E,0.15650761127471924,0
6pcu_A,71,N,0.033036451786756516,0
6pcu_A,72,S,0.16516119241714478,0
6pcu_A,73,S,0.12101589888334274,0
6pcu_A,74,D,0.136396586894989,0
6pcu_A,75,K,0.0706637054681778,0
6pcu_A,76,W,0.042039692401885986,0
6pcu_A,77,K,0.13338547945022583,0
6pcu_A,78,F,0.030492285266518593,0
6pcu_A,79,F,0.06486836075782776,0
6pcu_A,80,E,0.05452822521328926,0
6pcu_A,81,M,0.04011690989136696,0
6pcu_A,82,F,0.06696728616952896,0
6pcu_A,83,K,0.02643410675227642,0
6pcu_A,84,G,0.16845932602882385,0
6pcu_A,85,S,0.06948686391115189,0
6pcu_A,86,S,0.14458464086055756,0
6pcu_A,87,Q,0.38977107405662537,1
6pcu_A,88,S,0.44635501503944397,1
6pcu_A,89,D,0.7318878173828125,1
6pcu_A,90,F,0.7395840287208557,1
6pcu_A,91,S,0.8786464333534241,1
6pcu_A,92,N,0.7200876474380493,1
6pcu_A,93,R,0.7228467464447021,1
6pcu_A,94,R,0.4704597592353821,1
6pcu_A,95,T,0.11466175317764282,0
6pcu_A,96,L,0.0032045894768089056,0
6pcu_A,97,T,0.007223969325423241,0
6pcu_A,98,S,0.0004884566878899932,0
6pcu_A,99,N,0.011984100565314293,0
6pcu_A,100,N,0.0040933010168373585,0
6pcu_A,101,R,0.004551846534013748,0
6pcu_A,102,L,0.0004441521014086902,0
6pcu_A,103,V,4.2848278098972514e-05,0
6pcu_A,104,G,9.260258957510814e-05,0
6pcu_A,105,M,0.000669565168209374,0
6pcu_A,106,L,0.001525200204923749,0
6pcu_A,107,K,0.001785188214853406,0
6pcu_A,108,Y,0.015019896440207958,0
6pcu_A,109,G,0.05174797400832176,0
6pcu_A,110,G,0.007744518108665943,0
6pcu_A,111,R,0.011996793560683727,0
6pcu_A,112,V,0.0013033895520493388,0
6pcu_A,113,W,0.04175809025764465,0
6pcu_A,114,T,0.005857097916305065,0
6pcu_A,115,F,0.00397679815068841,0
6pcu_A,116,H,0.012621941044926643,0
6pcu_A,117,G,0.0025801383890211582,0
6pcu_A,118,E,0.023806605488061905,0
6pcu_A,119,T,0.0038996245712041855,0
6pcu_A,120,P,0.011986777186393738,0
6pcu_A,121,R,0.014866567216813564,0
6pcu_A,122,A,0.0005296975723467767,0
6pcu_A,123,T,0.005247501656413078,0
6pcu_A,124,T,0.0028045682702213526,0
6pcu_A,125,D,0.015031230635941029,0
6pcu_A,126,S,0.04347190260887146,0
6pcu_A,127,S,0.04633139818906784,0
6pcu_A,128,N,0.07156811654567719,0
6pcu_A,129,T,0.010968657210469246,0
6pcu_A,130,A,0.06213430315256119,0
6pcu_A,131,D,0.009696481749415398,0
6pcu_A,132,L,0.005184329580515623,0
6pcu_A,133,N,0.02155180275440216,0
6pcu_A,134,N,0.008649760857224464,0
6pcu_A,135,I,0.0026482667308300734,0
6pcu_A,136,S,0.0015734597109258175,0
6pcu_A,137,I,0.00010931734141195193,0
6pcu_A,138,I,0.0027037733234465122,0
6pcu_A,139,I,0.0003979356843046844,0
6pcu_A,140,H,0.0028953184373676777,0
6pcu_A,141,S,0.0021263528615236282,0
6pcu_A,142,E,0.04710718244314194,0
6pcu_A,143,F,0.009396277368068695,0
6pcu_A,144,Y,0.007536672055721283,0
6pcu_A,145,I,0.06182033568620682,0
6pcu_A,146,I,0.029245533049106598,0
6pcu_A,147,P,0.1323653906583786,0
6pcu_A,148,R,0.7197481393814087,1
6pcu_A,149,S,0.7844046354293823,1
6pcu_A,150,Q,0.706887423992157,1
6pcu_A,151,E,0.8298282027244568,1
6pcu_A,152,S,0.8113670349121094,1
6pcu_A,153,K,0.4583472013473511,1
6pcu_A,154,C,0.021485012024641037,0
6pcu_A,155,N,0.1469409018754959,0
6pcu_A,156,E,0.10372204333543777,0
6pcu_A,157,Y,0.007352436427026987,0
6pcu_A,158,I,0.0006599457119591534,0
6pcu_A,159,N,0.002451928099617362,0
6pcu_A,160,N,0.012565729208290577,0
6pcu_A,161,G,0.00209439848549664,0
6pcu_A,162,L,0.011561266146600246,0
6pcu_D,1,S,0.04285237938165665,0
6pcu_D,2,I,0.024094853550195694,0
6pcu_D,3,L,0.04279913008213043,0
6pcu_D,4,D,0.11134926229715347,0
6pcu_D,5,G,0.49262547492980957,1
6pcu_D,6,P,0.5580019354820251,1
6pcu_D,7,Y,0.2623575031757355,1
6pcu_D,8,Q,0.7020500302314758,1
6pcu_D,9,P,0.4602751135826111,1
6pcu_D,10,T,0.6812421679496765,1
6pcu_D,11,T,0.8199119567871094,1
6pcu_D,12,F,0.6661364436149597,1
6pcu_D,13,K,0.8059882521629333,1
6pcu_D,14,P,0.3455658257007599,1
6pcu_D,15,P,0.42931291460990906,1
6pcu_D,16,N,0.3399307429790497,1
6pcu_D,17,D,0.34592798352241516,1
6pcu_D,18,Y,0.2889159619808197,1
6pcu_D,19,W,0.1971944123506546,0
6pcu_D,20,L,0.018438540399074554,0
6pcu_D,21,L,0.004090625327080488,0
6pcu_D,22,I,0.0019400434102863073,0
6pcu_D,23,S,0.008533785119652748,0
6pcu_D,24,S,0.0002803055685944855,0
6pcu_D,25,N,0.008290194906294346,0
6pcu_D,26,T,0.01249779388308525,0
6pcu_D,27,D,0.04005911946296692,0
6pcu_D,28,G,0.006955981254577637,0
6pcu_D,29,V,0.004159392789006233,0
6pcu_D,30,V,0.00035006797406822443,0
6pcu_D,31,Y,0.0014062378322705626,0
6pcu_D,32,E,0.01610320806503296,0
6pcu_D,33,S,0.0021644094958901405,0
6pcu_D,34,T,0.004080834798514843,0
6pcu_D,35,N,0.018587559461593628,0
6pcu_D,36,N,0.05595295876264572,0
6pcu_D,37,S,0.11807416379451752,0
6pcu_D,38,D,0.03700753301382065,0
6pcu_D,39,F,0.004767708946019411,0
6pcu_D,40,W,0.04032586142420769,0
6pcu_D,41,T,0.00361095042899251,0
6pcu_D,42,A,0.00022222704137675464,0
6pcu_D,43,V,0.0002987096377182752,0
6pcu_D,44,I,0.000393039605114609,0
6pcu_D,45,A,0.00034705319558270276,0
6pcu_D,46,V,0.00088604970369488,0
6pcu_D,47,E,0.011808873154222965,0
6pcu_D,48,P,0.08038230985403061,0
6pcu_D,49,H,0.8542162775993347,1
6pcu_D,50,V,0.511932373046875,1
6pcu_D,51,S,0.7583808898925781,1
6pcu_D,52,Q,0.8156970143318176,1
6pcu_D,53,T,0.622674822807312,1
6pcu_D,54,N,0.6378073692321777,1
6pcu_D,55,R,0.30671757459640503,1
6pcu_D,56,Q,0.4876565933227539,1
6pcu_D,57,Y,0.08721570670604706,0
6pcu_D,58,V,0.4247550070285797,1
6pcu_D,59,L,0.018978960812091827,0
6pcu_D,60,F,0.18195804953575134,0
6pcu_D,61,G,0.6545525193214417,1
6pcu_D,62,E,0.6724756360054016,1
6pcu_D,63,N,0.7439851760864258,1
6pcu_D,64,K,0.571467399597168,1
6pcu_D,65,Q,0.7466245889663696,1
6pcu_D,66,F,0.24730724096298218,1
6pcu_D,67,N,0.41490438580513,1
6pcu_D,68,V,0.020445186644792557,0
6pcu_D,69,E,0.15254385769367218,0
6pcu_D,70,N,0.013006764464080334,0
6pcu_D,71,S,0.3260686993598938,1
6pcu_D,72,S,0.16695435345172882,0
6pcu_D,73,D,0.3006775677204132,1
6pcu_D,74,K,0.13032028079032898,0
6pcu_D,75,W,0.0796051025390625,0
6pcu_D,76,K,0.19615203142166138,0
6pcu_D,77,F,0.03986528515815735,0
6pcu_D,78,F,0.1008584052324295,0
6pcu_D,79,E,0.05554663762450218,0
6pcu_D,80,M,0.06697702407836914,0
6pcu_D,81,F,0.19929587841033936,0
6pcu_D,82,K,0.10205106437206268,0
6pcu_D,83,G,0.4753810465335846,1
6pcu_D,84,S,0.15027956664562225,0
6pcu_D,85,S,0.2305762618780136,1
6pcu_D,86,Q,0.4401436150074005,1
6pcu_D,87,S,0.32521697878837585,1
6pcu_D,88,D,0.4759593904018402,1
6pcu_D,89,F,0.5418609976768494,1
6pcu_D,90,S,0.721906840801239,1
6pcu_D,91,N,0.7389330863952637,1
6pcu_D,92,R,0.7130134701728821,1
6pcu_D,93,R,0.5586299896240234,1
6pcu_D,94,T,0.3036910891532898,1
6pcu_D,95,L,0.00997970625758171,0
6pcu_D,96,T,0.023990651592612267,0
6pcu_D,97,S,0.0011800932697951794,0
6pcu_D,98,N,0.00948078092187643,0
6pcu_D,99,N,0.002205554861575365,0
6pcu_D,100,R,0.0014681637985631824,0
6pcu_D,101,L,0.0001721176813589409,0
6pcu_D,102,V,1.3610275345854461e-05,0
6pcu_D,103,G,3.9655828004470095e-05,0
6pcu_D,104,M,0.00022855354472994804,0
6pcu_D,105,L,0.0006664755055680871,0
6pcu_D,106,K,0.0009409913909621537,0
6pcu_D,107,Y,0.04642043635249138,0
6pcu_D,108,G,0.06891753524541855,0
6pcu_D,109,G,0.012410418130457401,0
6pcu_D,110,R,0.026100551709532738,0
6pcu_D,111,V,0.002424989128485322,0
6pcu_D,112,W,0.07899180799722672,0
6pcu_D,113,T,0.008933546021580696,0
6pcu_D,114,F,0.006557172164320946,0
6pcu_D,115,H,0.048495449125766754,0
6pcu_D,116,G,0.007189082447439432,0
6pcu_D,117,E,0.06949891149997711,0
6pcu_D,118,T,0.013174659572541714,0
6pcu_D,119,P,0.027978481724858284,0
6pcu_D,120,R,0.02986515499651432,0
6pcu_D,121,A,0.0011893609771504998,0
6pcu_D,122,T,0.014965343289077282,0
6pcu_D,123,T,0.008421124890446663,0
6pcu_D,124,D,0.10373540967702866,0
6pcu_D,125,S,0.09523343294858932,0
6pcu_D,126,S,0.07638131827116013,0
6pcu_D,127,N,0.10264698415994644,0
6pcu_D,128,T,0.00717642717063427,0
6pcu_D,129,A,0.03918815776705742,0
6pcu_D,130,D,0.006535223685204983,0
6pcu_D,131,L,0.0015872258227318525,0
6pcu_D,132,N,0.01124528143554926,0
6pcu_D,133,N,0.007191652897745371,0
6pcu_D,134,I,0.001589166815392673,0
6pcu_D,135,S,0.0015036237891763449,0
6pcu_D,136,I,0.0002789568097796291,0
6pcu_D,137,I,0.006736190989613533,0
6pcu_D,138,I,0.0006033869576640427,0
6pcu_D,139,H,0.001613728003576398,0
6pcu_D,140,S,0.00043396849650889635,0
6pcu_D,141,E,0.0057207620702683926,0
6pcu_D,142,F,0.0025360204745084047,0
6pcu_D,143,Y,0.003326921723783016,0
6pcu_D,144,I,0.014801531098783016,0
6pcu_D,145,I,0.00788922980427742,0
6pcu_D,146,P,0.06956791132688522,0
6pcu_D,147,R,0.6057420372962952,1
6pcu_D,148,S,0.7157913446426392,1
6pcu_D,149,Q,0.783696711063385,1
6pcu_D,150,E,0.841497540473938,1
6pcu_D,151,S,0.7437213063240051,1
6pcu_D,152,K,0.3539089560508728,1
6pcu_D,153,C,0.02484161965548992,0
6pcu_D,154,N,0.2915947735309601,1
6pcu_D,155,E,0.15626160800457,0
6pcu_D,156,Y,0.015440802089869976,0
6pcu_D,157,I,0.0029517130460590124,0
6pcu_D,158,N,0.010149048641324043,0
6pcu_D,159,N,0.045421335846185684,0
6pcu_D,160,G,0.010608903132379055,0
6pcu_D,161,L,0.024613400921225548,0
6qb3_A,1,D,0.06514965742826462,0
6qb3_A,2,D,0.07329075038433075,0
6qb3_A,3,L,0.007430774625390768,0
6qb3_A,4,Y,0.011923984624445438,0
6qb3_A,5,R,0.014327175915241241,0
6qb3_A,6,Q,0.0029346628580242395,0
6qb3_A,7,S,0.00022365592303685844,0
6qb3_A,8,L,0.0022896956652402878,0
6qb3_A,9,E,0.005971220787614584,0
6qb3_A,10,I,0.0001574689958943054,0
6qb3_A,11,I,0.0001238083787029609,0
6qb3_A,12,S,0.00251968577504158,0
6qb3_A,13,R,0.003393251681700349,0
6qb3_A,14,Y,0.0001740653533488512,0
6qb3_A,15,L,7.213447679532692e-05,0
6qb3_A,16,R,0.0034530572593212128,0
6qb3_A,17,E,0.0003010474320035428,0
6qb3_A,18,Q,0.00015138032904360443,0
6qb3_A,19,A,0.0005716616287827492,0
6qb3_A,20,T,0.013977853581309319,0
6qb3_A,21,G,0.0065641747787594795,0
6qb3_A,22,S,0.022131474688649178,0
6qb3_A,23,K,0.016958897933363914,0
6qb3_A,24,D,0.006387107074260712,0
6qb3_A,25,A,0.011288966983556747,0
6qb3_A,26,A,0.009365706704556942,0
6qb3_A,27,G,0.003421307075768709,0
6qb3_A,28,R,0.004105967003852129,0
6qb3_A,29,R,0.0032925475388765335,0
6qb3_A,30,A,0.00012843721196986735,0
6qb3_A,31,L,0.00026594335213303566,0
6qb3_A,32,E,0.0013570619048550725,0
6qb3_A,33,T,0.0008871086174622178,0
6qb3_A,34,L,0.0001842739584390074,0
6qb3_A,35,R,0.010811669752001762,0
6qb3_A,36,R,0.05330592393875122,0
6qb3_A,37,V,0.01751992106437683,0
6qb3_A,38,G,0.0011634966358542442,0
6qb3_A,39,D,0.01781413145363331,0
6qb3_A,40,G,0.015754476189613342,0
6qb3_A,41,V,0.0035669091157615185,0
6qb3_A,42,Q,0.006783021613955498,0
6qb3_A,43,R,0.029373256489634514,0
6qb3_A,44,N,0.02661808393895626,0
6qb3_A,45,H,0.028312809765338898,0
6qb3_A,46,E,0.010586993768811226,0
6qb3_A,47,T,0.036013852804899216,0
6qb3_A,48,A,0.01566622219979763,0
6qb3_A,49,F,0.0010876557789742947,0
6qb3_A,50,Q,0.0030234118457883596,0
6qb3_A,51,G,0.004416455514729023,0
6qb3_A,52,M,0.0018718678038567305,0
6qb3_A,53,L,0.00042335852049291134,0
6qb3_A,54,R,0.00343576492741704,0
6qb3_A,55,K,0.004514483269304037,0
6qb3_A,56,L,0.000382354948669672,0
6qb3_A,57,D,0.0014768005348742008,0
6qb3_A,58,I,9.724838309921324e-05,0
6qb3_A,59,K,0.0011213270481675863,0
6qb3_A,60,N,0.0015827232273295522,0
6qb3_A,61,E,0.0015779781388118863,0
6qb3_A,62,D,0.001523184240795672,0
6qb3_A,63,D,0.0007252686191350222,0
6qb3_A,64,V,0.0002523300645407289,0
6qb3_A,65,K,0.0030264994129538536,0
6qb3_A,66,S,0.0009411661885678768,0
6qb3_A,67,L,0.0002652679686434567,0
6qb3_A,68,S,0.0009664996759966016,0
6qb3_A,69,R,0.0018990339012816548,0
6qb3_A,70,V,0.0011638985015451908,0
6qb3_A,71,M,7.24129204172641e-05,0
6qb3_A,72,I,0.0007227454334497452,0
6qb3_A,73,H,0.0005558255361393094,0
6qb3_A,74,V,0.0006429125205613673,0
6qb3_A,75,F,0.00024375569773837924,0
6qb3_A,76,S,0.0012534471461549401,0
6qb3_A,77,D,0.001698893727734685,0
6qb3_A,78,G,0.002840873319655657,0
6qb3_A,79,V,0.007173811085522175,0
6qb3_A,80,T,0.006771219428628683,0
6qb3_A,81,N,0.047491174191236496,0
6qb3_A,82,W,0.004085909575223923,0
6qb3_A,83,G,0.053441550582647324,0
6qb3_A,84,R,0.03869356960058212,0
6qb3_A,85,I,0.000554833619389683,0
6qb3_A,86,V,0.0007336735725402832,0
6qb3_A,87,T,0.023938676342368126,0
6qb3_A,88,L,0.0005068936152383685,0
6qb3_A,89,I,2.1215355445747264e-05,0
6qb3_A,90,S,1.0063810805149842e-05,0
6qb3_A,91,F,9.261831291951239e-05,0
6qb3_A,92,G,4.9714271881384775e-06,0
6qb3_A,93,A,9.839107406151015e-06,0
6qb3_A,94,F,0.00012942097964696586,0
6qb3_A,95,V,9.282442078983877e-06,0
6qb3_A,96,A,9.09474056243198e-06,0
6qb3_A,97,K,0.0007812019321136177,0
6qb3_A,98,H,0.00047009382979013026,0
6qb3_A,99,L,7.383891352219507e-05,0
6qb3_A,100,K,0.006072031334042549,0
6qb3_A,101,T,0.03710705041885376,0
6qb3_A,102,I,0.07662998139858246,0
6qb3_A,103,N,0.046368055045604706,0
6qb3_A,104,Q,0.01724657416343689,0
6qb3_A,105,E,0.08624648302793503,0
6qb3_A,106,S,0.04179469868540764,0
6qb3_A,107,C,0.0017853871686384082,0
6qb3_A,108,I,0.0022409202065318823,0
6qb3_A,109,E,0.02433061972260475,0
6qb3_A,110,P,0.010019717738032341,0
6qb3_A,111,L,0.00010588012082735077,0
6qb3_A,112,A,6.661620864178985e-05,0
6qb3_A,113,E,0.0018296142807230353,0
6qb3_A,114,S,0.0003674367908388376,0
6qb3_A,115,I,4.878026811638847e-05,0
6qb3_A,116,T,0.0001498156925663352,0
6qb3_A,117,D,0.002868976444005966,0
6qb3_A,118,V,0.0005258393939584494,0
6qb3_A,119,L,0.00018530257511883974,0
6qb3_A,120,V,0.00033488174085505307,0
6qb3_A,121,R,0.008297387510538101,0
6qb3_A,122,T,0.02233247272670269,0
6qb3_A,123,K,0.007536219898611307,0
6qb3_A,124,R,0.040130987763404846,0
6qb3_A,125,D,0.11964469403028488,0
6qb3_A,126,W,0.07580333203077316,0
6qb3_A,127,L,0.007509948220103979,0
6qb3_A,128,V,0.22249606251716614,1
6qb3_A,129,K,0.5843230485916138,1
6qb3_A,130,Q,0.36221569776535034,1
6qb3_A,131,R,0.4211033582687378,1
6qb3_A,132,G,0.6027173399925232,1
6qb3_A,133,W,0.032769445329904556,0
6qb3_A,134,D,0.5846182703971863,1
6qb3_A,135,G,0.06942871958017349,0
6qb3_A,136,F,0.005032609682530165,0
6qb3_A,137,V,0.03513955697417259,0
6qb3_A,138,E,0.08532818406820297,0
6qb3_A,139,F,0.09217854589223862,0
6qb3_A,140,F,0.009887727908790112,0
6qb3_A,141,H,0.033182766288518906,0
6qb3_A,142,V,0.021053604781627655,0
6tou_G,1,F,0.021246692165732384,0
6tou_G,2,S,0.05732299014925957,0
6tou_G,3,Y,0.10202810913324356,0
6tou_G,4,M,0.20719201862812042,0
6tou_G,5,E,0.21230807900428772,1
6tou_G,6,L,0.5889505743980408,1
6tou_G,7,K,0.6668892502784729,1
6tou_G,8,V,0.5052714943885803,1
6tou_G,9,G,0.5654317140579224,1
6tou_G,10,T,0.5952541828155518,1
6tou_G,11,S,0.5787419676780701,1
6tou_G,12,C,0.5398404002189636,1
6tou_G,13,D,0.5467544794082642,1
6tou_G,14,I,0.5401720404624939,1
6tou_G,15,F,0.5228024125099182,1
6tou_G,16,T,0.6515999436378479,1
6tou_G,17,N,0.8477886915206909,1
6tou_G,18,S,0.5750665068626404,1
6tou_G,19,R,0.6686059236526489,1
6tou_G,20,G,0.14821791648864746,0
6tou_G,21,K,0.41176837682724,1
6tou_G,22,T,0.29817286133766174,1
6tou_G,23,C,0.1886577308177948,0
6tou_G,24,G,0.23070025444030762,1
6tou_G,25,F,0.02301723137497902,0
6tou_G,26,V,0.11698237806558609,0
6tou_G,27,D,0.013013322837650776,0
6tou_G,28,E,0.03629777580499649,0
6tou_G,29,R,0.00862633902579546,0
6tou_G,30,G,0.012113229371607304,0
6tou_G,31,L,0.010351832956075668,0
6tou_G,32,Y,0.07741918414831161,0
6tou_G,33,K,0.007589284796267748,0
6tou_G,34,S,0.04667134955525398,0
6tou_G,35,L,0.013202635571360588,0
6tou_G,36,K,0.14292685687541962,0
6tou_G,37,G,0.12410490214824677,0
6tou_G,38,A,0.061137836426496506,0
6tou_G,39,C,0.2580910325050354,1
6tou_G,40,K,0.12062494456768036,0
6tou_G,41,L,0.07765540480613708,0
6tou_G,42,K,0.1639813780784607,0
6tou_G,43,L,0.241935595870018,1
6tou_G,44,C,0.05783357843756676,0
6tou_G,45,G,0.029103340581059456,0
6tou_G,46,V,0.010197049006819725,0
6tou_G,47,L,0.006788137834519148,0
6tou_G,48,G,0.001134544494561851,0
6tou_G,49,L,0.00048482828424312174,0
6tou_G,50,R,0.0067931669764220715,0
6tou_G,51,L,0.0004136820789426565,0
6tou_G,52,M,0.017541881650686264,0
6tou_G,53,D,0.013790019787847996,0
6tou_G,54,G,0.009137691929936409,0
6tou_G,55,T,0.012673902325332165,0
6tou_G,56,W,0.03774271532893181,0
6tou_G,57,V,0.006215652450919151,0
6tou_G,58,A,0.008456715382635593,0
6tou_G,59,M,0.022904133424162865,0
6tou_G,60,Q,0.2032700628042221,0
6tou_G,61,T,0.031025227159261703,0
6tou_G,62,S,0.06815364211797714,0
6tou_G,63,D,0.08627303689718246,0
6tou_G,64,E,0.052257686853408813,0
6tou_G,65,T,0.00896721426397562,0
6tou_G,66,K,0.028376225382089615,0
6tou_G,67,W,0.10679376125335693,0
6tou_G,68,C,0.3109007477760315,1
6tou_G,69,P,0.21792234480381012,1
6tou_G,70,P,0.26916828751564026,1
6tou_G,71,D,0.25885385274887085,1
6y6c_A,1,N,0.08413375169038773,0
6y6c_A,2,T,0.03660765662789345,0
6y6c_A,3,T,0.018168922513723373,0
6y6c_A,4,V,0.03933342918753624,0
6y6c_A,5,F,0.008102317340672016,0
6y6c_A,6,Q,0.01601560041308403,0
6y6c_A,7,G,0.0003134995640721172,0
6y6c_A,8,V,0.011328821070492268,0
6y6c_A,9,A,0.0018457550322636962,0
6y6c_A,10,G,0.0030636759474873543,0
6y6c_A,11,Q,0.010318759828805923,0
6y6c_A,12,S,0.007837212644517422,0
6y6c_A,13,L,0.000277120852842927,0
6y6c_A,14,Q,0.006732711102813482,0
6y6c_A,15,V,0.00017431813466828316,0
6y6c_A,16,S,0.004589406307786703,0
6y6c_A,17,C,8.88145950739272e-05,0
6y6c_A,18,P,0.0009005509200505912,0
6y6c_A,19,Y,0.00014162321167532355,0
6y6c_A,20,D,0.00033895683009177446,0
6y6c_A,21,S,0.00024935539113357663,0
6y6c_A,22,M,0.0010304624447599053,0
6y6c_A,23,K,0.0012269814033061266,0
6y6c_A,24,H,0.00011103112774435431,0
6y6c_A,25,W,0.001273079076781869,0
6y6c_A,26,G,0.003253514878451824,0
6y6c_A,27,R,0.007301647216081619,0
6y6c_A,28,R,0.019957400858402252,0
6y6c_A,29,K,0.005183625966310501,0
6y6c_A,30,A,0.06597285717725754,0
6y6c_A,31,W,0.00386990187689662,0
6y6c_A,32,C,0.1307278573513031,0
6y6c_A,33,R,0.10725004971027374,0
6y6c_A,34,Q,0.3220044672489166,1
6y6c_A,35,L,0.9231755137443542,1
6y6c_A,36,G,0.9449496269226074,1
6y6c_A,37,E,0.982606053352356,1
6y6c_A,38,K,0.9918655753135681,1
6y6c_A,39,G,0.9792744517326355,1
6y6c_A,40,P,0.9562655091285706,1
6y6c_A,41,C,0.7516381144523621,1
6y6c_A,42,Q,0.541621744632721,1
6y6c_A,43,R,0.3112478256225586,1
6y6c_A,44,V,0.08699271827936172,0
6y6c_A,45,V,0.020881924778223038,0
6y6c_A,46,S,0.11691001802682877,0
6y6c_A,47,T,0.0022446110378950834,0
6y6c_A,48,H,0.019630078226327896,0
6y6c_A,49,N,0.11511089652776718,0
6y6c_A,50,L,0.02148028090596199,0
6y6c_A,51,W,0.0025879989843815565,0
6y6c_A,52,L,0.01497648935765028,0
6y6c_A,53,L,0.025682074949145317,0
6y6c_A,54,S,0.004759281873703003,0
6y6c_A,55,F,0.07357382029294968,0
6y6c_A,56,L,0.1023431047797203,0
6y6c_A,57,R,0.18663446605205536,0
6y6c_A,58,R,0.03472563624382019,0
6y6c_A,59,W,0.10991431772708893,0
6y6c_A,60,N,0.03614068403840065,0
6y6c_A,61,G,0.057280879467725754,0
6y6c_A,62,S,0.0567455030977726,0
6y6c_A,63,T,0.02359410747885704,0
6y6c_A,64,A,0.13048864901065826,0
6y6c_A,65,I,0.0015664681559428573,0
6y6c_A,66,T,0.012297200970351696,0
6y6c_A,67,D,0.0004330618248786777,0
6y6c_A,68,D,0.0015415670350193977,0
6y6c_A,69,T,0.0006886323681101203,0
6y6c_A,70,L,0.0011468649609014392,0
6y6c_A,71,G,0.00043985756929032505,0
6y6c_A,72,G,5.82653701712843e-05,0
6y6c_A,73,T,0.000991693465039134,0
6y6c_A,74,L,0.00010773576650535688,0
6y6c_A,75,T,0.015205521136522293,0
6y6c_A,76,I,0.00028860371094197035,0
6y6c_A,77,T,0.027920037508010864,0
6y6c_A,78,L,0.0013978000497445464,0
6y6c_A,79,R,0.048292726278305054,0
6y6c_A,80,N,0.0867149755358696,0
6y6c_A,81,L,0.005723914597183466,0
6y6c_A,82,Q,0.21307089924812317,1
6y6c_A,83,P,0.13405545055866241,0
6y6c_A,84,H,0.16120487451553345,0
6y6c_A,85,D,0.03688814863562584,0
6y6c_A,86,A,0.036725860089063644,0
6y6c_A,87,G,0.017502881586551666,0
6y6c_A,88,L,0.06900227814912796,0
6y6c_A,89,Y,0.049755193293094635,0
6y6c_A,90,Q,0.6620163917541504,1
6y6c_A,91,C,0.04914470389485359,0
6y6c_A,92,Q,0.831347644329071,1
6y6c_A,93,S,0.8077825903892517,1
6y6c_A,94,L,0.9837199449539185,1
6y6c_A,95,H,0.9880005717277527,1
6y6c_A,96,G,0.9756113886833191,1
6y6c_A,97,S,0.9666605591773987,1
6y6c_A,98,E,0.8933308720588684,1
6y6c_A,99,A,0.5973350405693054,1
6y6c_A,100,D,0.4075985848903656,1
6y6c_A,101,T,0.16362056136131287,0
6y6c_A,102,L,0.019110582768917084,0
6y6c_A,103,R,0.011226306669414043,0
6y6c_A,104,K,0.021421868354082108,0
6y6c_A,105,V,0.002875237725675106,0
6y6c_A,106,L,0.007360844872891903,0
6y6c_A,107,V,0.0010257501853629947,0
6y6c_A,108,E,0.0021114754490554333,0
6y6c_A,109,V,0.00041918590432032943,0
6y6c_A,110,L,0.005804821383208036,0
6y6c_A,111,A,0.0028896331787109375,0
6y6c_A,112,D,0.002970942063257098,0
6y6c_A,113,P,0.006295110564678907,0
6y6c_A,114,L,0.010692869313061237,0
6y6c_A,115,D,0.009255874902009964,0
6y6c_A,116,H,0.03125812113285065,0
6y6c_A,117,R,0.027477992698550224,0
6y6c_A,118,D,0.04080353304743767,0
7cu5_E,1,R,0.029652373865246773,0
7cu5_E,2,P,0.07147211581468582,0
7cu5_E,3,W,0.01257770974189043,0
7cu5_E,4,N,0.023027854040265083,0
7cu5_E,5,P,0.0075492556206882,0
7cu5_E,6,P,0.0002481458359397948,0
7cu5_E,7,T,0.0004792949475813657,0
7cu5_E,8,F,0.0001642723655095324,0
7cu5_E,9,S,0.002754373475909233,0
7cu5_E,10,P,0.0005956971435807645,0
7cu5_E,11,A,0.0022343804594129324,0
7cu5_E,12,L,0.004039759747684002,0
7cu5_E,13,L,0.00018198271573055536,0
7cu5_E,14,V,0.0031535641755908728,0
7cu5_E,15,V,0.00013387050421442837,0
7cu5_E,16,T,0.00258512026630342,0
7cu5_E,17,E,0.0021825190633535385,0
7cu5_E,18,G,0.0023342473432421684,0
7cu5_E,19,D,0.0075291721150279045,0
7cu5_E,20,N,0.020475266501307487,0
7cu5_E,21,A,0.0006242909003049135,0
7cu5_E,22,T,0.018235398456454277,0
7cu5_E,23,F,0.001131298835389316,0
7cu5_E,24,T,0.01968606375157833,0
7cu5_E,25,C,0.00023535046784672886,0
7cu5_E,26,S,0.0056731910444796085,0
7cu5_E,27,F,0.0017958807293325663,0
7cu5_E,28,S,0.06043244153261185,0
7cu5_E,29,N,0.02821982465684414,0
7cu5_E,30,T,0.10925836116075516,0
7cu5_E,31,S,0.17555952072143555,0
7cu5_E,32,E,0.5315205454826355,1
7cu5_E,33,S,0.5292820930480957,1
7cu5_E,34,F,0.27974751591682434,1
7cu5_E,35,V,0.7202708125114441,1
7cu5_E,36,L,0.06801540404558182,0
7cu5_E,37,N,0.5065439343452454,1
7cu5_E,38,W,0.01781289651989937,0
7cu5_E,39,Y,0.12660959362983704,0
7cu5_E,40,R,0.010610871016979218,0
7cu5_E,41,M,0.006549517158418894,0
7cu5_E,42,S,0.008182927966117859,0
7cu5_E,43,P,0.006647149100899696,0
7cu5_E,44,S,0.006926032714545727,0
7cu5_E,45,N,0.012531578540802002,0
7cu5_E,46,Q,0.017734022811055183,0
7cu5_E,47,T,0.015720359981060028,0
7cu5_E,48,D,0.030093953013420105,0
7cu5_E,49,K,0.016964422538876534,0
7cu5_E,50,L,0.0011529382318258286,0
7cu5_E,51,A,0.00017951152403838933,0
7cu5_E,52,A,0.0008176390547305346,0
7cu5_E,53,F,0.0005134374368935823,0
7cu5_E,54,P,0.0013947011902928352,0
7cu5_E,55,E,0.0017613456584513187,0
7cu5_E,56,D,0.0010188635205850005,0
7cu5_E,57,C,0.0008344674133695662,0
7cu5_E,58,R,0.0009361762786284089,0
7cu5_E,59,F,0.0008808240527287126,0
7cu5_E,60,R,0.0005520083359442651,0
7cu5_E,61,V,0.00019002682529389858,0
7cu5_E,62,T,0.0003296413051430136,0
7cu5_E,63,Q,0.0006347325397655368,0
7cu5_E,64,L,0.0013069615233689547,0
7cu5_E,65,P,0.0016047476092353463,0
7cu5_E,66,N,0.0015214766608551145,0
7cu5_E,67,G,0.0006611030548810959,0
7cu5_E,68,R,0.0009588018292561173,0
7cu5_E,69,D,0.0005971495411358774,0
7cu5_E,70,F,0.0001837731833802536,0
7cu5_E,71,H,0.00230737985111773,0
7cu5_E,72,M,6.859710993012413e-05,0
7cu5_E,73,S,0.0010043656220659614,0
7cu5_E,74,V,0.00029350208933465183,0
7cu5_E,75,V,0.002017043298110366,0
7cu5_E,76,R,0.004427204839885235,0
7cu5_E,77,A,0.0005344258970580995,0
7cu5_E,78,R,0.015562527813017368,0
7cu5_E,79,R,0.04345915466547012,0
7cu5_E,80,N,0.06515230238437653,0
7cu5_E,81,D,0.016092579811811447,0
7cu5_E,82,S,0.023702992126345634,0
7cu5_E,83,G,0.012046637944877148,0
7cu5_E,84,T,0.07094069570302963,0
7cu5_E,85,Y,0.0008129834313876927,0
7cu5_E,86,L,0.0012439211132004857,0
7cu5_E,87,C,8.181549492292106e-05,0
7cu5_E,88,G,0.010636220686137676,0
7cu5_E,89,A,0.0006570976111106575,0
7cu5_E,90,I,0.3675966262817383,1
7cu5_E,91,S,0.0710233598947525,0
7cu5_E,92,L,0.6625587940216064,1
7cu5_E,93,A,0.9315154552459717,1
7cu5_E,94,P,0.99167799949646,1
7cu5_E,95,K,0.9904696941375732,1
7cu5_E,96,A,0.9887583255767822,1
7cu5_E,97,Q,0.9288522005081177,1
7cu5_E,98,I,0.8732420206069946,1
7cu5_E,99,K,0.21837076544761658,1
7cu5_E,100,E,0.24277645349502563,1
7cu5_E,101,S,0.013030721805989742,0
7cu5_E,102,L,0.040949054062366486,0
7cu5_E,103,R,0.06656724959611893,0
7cu5_E,104,A,0.0052940621972084045,0
7cu5_E,105,E,0.06583254039287567,0
7cu5_E,106,L,0.0034612237941473722,0
7cu5_E,107,R,0.026294827461242676,0
7cu5_E,108,V,0.008726018480956554,0
7cu5_E,109,T,0.05959765985608101,0
7cu5_E,110,E,0.07328968495130539,0
7cu5_E,111,R,0.06782054901123047,0
7deo_B,1,N,0.0050103506073355675,0
7deo_B,2,L,0.002639008453115821,0
7deo_B,3,C,0.00019197474466636777,0
7deo_B,4,P,0.0006531055551022291,0
7deo_B,5,F,0.00018273002933710814,0
7deo_B,6,G,0.0012771452311426401,0
7deo_B,7,E,0.0008902979316189885,0
7deo_B,8,V,8.187644561985508e-05,0
7deo_B,9,F,0.0001953385944943875,0
7deo_B,10,N,0.00105919293127954,0
7deo_B,11,A,0.0006856194231659174,0
7deo_B,12,T,0.005705193150788546,0
7deo_B,13,R,0.00849219411611557,0
7deo_B,14,F,0.000852234021294862,0
7deo_B,15,A,0.0008864423143677413,0
7deo_B,16,S,0.0039216685108840466,0
7deo_B,17,V,0.000378281605662778,0
7deo_B,18,Y,0.01171999704092741,0
7deo_B,19,A,0.018151653930544853,0
7deo_B,20,W,0.003750234842300415,0
7deo_B,21,N,0.0025071571581065655,0
7deo_B,22,R,0.0019942806102335453,0
7deo_B,23,K,0.0018355034990236163,0
7deo_B,24,R,0.005488832015544176,0
7deo_B,25,I,0.0002706894010771066,0
7deo_B,26,S,0.005344401579350233,0
7deo_B,27,N,0.05648709833621979,0
7deo_B,28,C,0.006586990784853697,0
7deo_B,29,V,0.04067742079496384,0
7deo_B,30,A,0.004851962439715862,0
7deo_B,31,D,0.0203306432813406,0
7deo_B,32,Y,0.002631829120218754,0
7deo_B,33,S,0.04055921733379364,0
7deo_B,34,V,0.039191875606775284,0
7deo_B,35,L,0.026767469942569733,0
7deo_B,36,Y,0.04394632205367088,0
7deo_B,37,N,0.07999534159898758,0
7deo_B,38,S,0.035502444952726364,0
7deo_B,39,A,0.10058367252349854,0
7deo_B,40,S,0.08831998705863953,0
7deo_B,41,F,0.02984365075826645,0
7deo_B,42,S,0.12092984467744827,0
7deo_B,43,T,0.11374443024396896,0
7deo_B,44,F,0.07937943935394287,0
7deo_B,45,K,0.17225876450538635,0
7deo_B,46,C,0.09924840182065964,0
7deo_B,47,Y,0.5295107364654541,1
7deo_B,48,G,0.3425440192222595,1
7deo_B,49,V,0.10830584913492203,0
7deo_B,50,S,0.05304522439837456,0
7deo_B,51,P,0.006301408167928457,0
7deo_B,52,T,0.033284686505794525,0
7deo_B,53,K,0.01842363364994526,0
7deo_B,54,L,0.0018875593086704612,0
7deo_B,55,N,0.025119291618466377,0
7deo_B,56,D,0.315423846244812,1
7deo_B,57,L,0.2261895090341568,1
7deo_B,58,C,0.11043331027030945,0
7deo_B,59,F,0.049129653722047806,0
7deo_B,60,T,0.08308929204940796,0
7deo_B,61,N,0.1204245314002037,0
7deo_B,62,V,0.007403550669550896,0
7deo_B,63,Y,0.07120529562234879,0
7deo_B,64,A,0.002804705174639821,0
7deo_B,65,D,0.012761026620864868,0
7deo_B,66,S,0.004350883886218071,0
7deo_B,67,F,0.006771944463253021,0
7deo_B,68,V,0.011102217249572277,0
7deo_B,69,I,0.04766499623656273,0
7deo_B,70,R,0.6591221690177917,1
7deo_B,71,G,0.2078208029270172,0
7deo_B,72,D,0.7507380843162537,1
7deo_B,73,E,0.4530966579914093,1
7deo_B,74,V,0.014618280343711376,0
7deo_B,75,R,0.16200388967990875,0
7deo_B,76,Q,0.09618601948022842,0
7deo_B,77,I,0.0021745148114860058,0
7deo_B,78,A,0.00431827874854207,0
7deo_B,79,P,0.004349430091679096,0
7deo_B,80,G,0.0746205672621727,0
7deo_B,81,Q,0.019838348031044006,0
7deo_B,82,T,0.20387011766433716,0
7deo_B,83,G,0.14937497675418854,0
7deo_B,84,K,0.2940797507762909,1
7deo_B,85,I,0.009780846536159515,0
7deo_B,86,A,0.004832587204873562,0
7deo_B,87,D,0.19858069717884064,0
7deo_B,88,Y,0.24808602035045624,1
7deo_B,89,N,0.0024106954224407673,0
7deo_B,90,Y,0.0012779441894963384,0
7deo_B,91,K,0.012641591019928455,0
7deo_B,92,L,0.0030749808065593243,0
7deo_B,93,P,0.020311085507273674,0
7deo_B,94,D,0.06947234272956848,0
7deo_B,95,D,0.14550934731960297,0
7deo_B,96,F,0.014107443392276764,0
7deo_B,97,T,0.08301612734794617,0
7deo_B,98,G,0.005417449399828911,0
7deo_B,99,C,0.002361541846767068,0
7deo_B,100,V,0.0014713668497279286,0
7deo_B,101,I,0.001094628474675119,0
7deo_B,102,A,0.0010957771446555853,0
7deo_B,103,W,0.0007839186582714319,0
7deo_B,104,N,0.0017716678557917476,0
7deo_B,105,S,0.00021765107521787286,0
7deo_B,106,N,0.0029687269125133753,0
7deo_B,107,N,0.016850363463163376,0
7deo_B,108,L,0.028338663280010223,0
7deo_B,109,D,0.0014239216689020395,0
7deo_B,110,S,0.018389584496617317,0
7deo_B,111,K,0.04385731369256973,0
7deo_B,112,V,0.3861229121685028,1
7deo_B,113,G,0.5005921721458435,1
7deo_B,114,G,0.43579819798469543,1
7deo_B,115,N,0.17805081605911255,0
7deo_B,116,Y,0.7419407367706299,1
7deo_B,117,N,0.6808980107307434,1
7deo_B,118,Y,0.247534841299057,1
7deo_B,119,L,0.6314504146575928,1
7deo_B,120,Y,0.7088502049446106,1
7deo_B,121,R,0.19434292614459991,0
7deo_B,122,L,0.8772885203361511,1
7deo_B,123,F,0.9041834473609924,1
7deo_B,124,R,0.20658446848392487,0
7deo_B,125,K,0.3397469222545624,1
7deo_B,126,S,0.22282816469669342,1
7deo_B,127,N,0.3231411278247833,1
7deo_B,128,L,0.01201687566936016,0
7deo_B,129,K,0.06552210450172424,0
7deo_B,130,P,0.009824538603425026,0
7deo_B,131,F,0.009621676057577133,0
7deo_B,132,E,0.05199487507343292,0
7deo_B,133,R,0.05063917487859726,0
7deo_B,134,D,0.009047411382198334,0
7deo_B,135,I,0.035855475813150406,0
7deo_B,136,S,0.02629435807466507,0
7deo_B,137,T,0.07777173817157745,0
7deo_B,138,E,0.13907599449157715,0
7deo_B,139,I,0.3998410701751709,1
7deo_B,140,Y,0.6024175882339478,1
7deo_B,141,Q,0.8295031785964966,1
7deo_B,142,A,0.91451096534729,1
7deo_B,143,G,0.8348854184150696,1
7deo_B,144,S,0.6756004095077515,1
7deo_B,145,T,0.4820347726345062,1
7deo_B,146,P,0.19694721698760986,0
7deo_B,147,C,0.02803214080631733,0
7deo_B,148,N,0.24871625006198883,1
7deo_B,149,G,0.11701681464910507,0
7deo_B,150,V,0.43780553340911865,1
7deo_B,151,E,0.6378971934318542,1
7deo_B,152,G,0.6315868496894836,1
7deo_B,153,F,0.8896324038505554,1
7deo_B,154,N,0.8823704719543457,1
7deo_B,155,C,0.6517778635025024,1
7deo_B,156,Y,0.8686618208885193,1
7deo_B,157,F,0.8466528654098511,1
7deo_B,158,P,0.15124887228012085,0
7deo_B,159,L,0.4783843755722046,1
7deo_B,160,Q,0.9001871347427368,1
7deo_B,161,S,0.5999928712844849,1
7deo_B,162,Y,0.4809560179710388,1
7deo_B,163,G,0.6166759133338928,1
7deo_B,164,F,0.14109595119953156,0
7deo_B,165,Q,0.5912591218948364,1
7deo_B,166,P,0.45354387164115906,1
7deo_B,167,T,0.7531497478485107,1
7deo_B,168,N,0.8258728981018066,1
7deo_B,169,G,0.7862358093261719,1
7deo_B,170,V,0.3155689239501953,1
7deo_B,171,G,0.2810870110988617,1
7deo_B,172,Y,0.6080357432365417,1
7deo_B,173,Q,0.04962468892335892,0
7deo_B,174,P,0.00927701499313116,0
7deo_B,175,Y,0.039305899292230606,0
7deo_B,176,R,0.007437300868332386,0
7deo_B,177,V,0.0002840807428583503,0
7deo_B,178,V,0.00020981607667636126,0
7deo_B,179,V,0.00022742926375940442,0
7deo_B,180,L,0.003214897820726037,0
7deo_B,181,S,0.02142411470413208,0
7deo_B,182,F,0.05229376256465912,0
7deo_B,183,E,0.4000570774078369,1
7deo_B,184,L,0.529775083065033,1
7deo_B,185,L,0.4482710361480713,1
7deo_B,186,H,0.3127460479736328,1
7deo_B,187,A,0.46799236536026,1
7deo_B,188,P,0.31976622343063354,1
7deo_B,189,A,0.14709660410881042,0
7deo_B,190,T,0.027446158230304718,0
7deo_B,191,V,0.0020796461030840874,0
7deo_B,192,C,0.004447851330041885,0
7deo_B,193,G,0.0023637188132852316,0
7deo_B,194,P,0.04645613953471184,0
7deo_B,195,K,0.08070241659879684,0
7deo_B,196,K,0.05897229537367821,0
7deo_B,197,S,0.027181580662727356,0
7deo_B,198,A,0.06718759983778,0
7deo_B,199,A,0.06381754577159882,0
7deo_B,200,A,0.05049845203757286,0
7deo_B,201,H,0.02996470406651497,0
7deo_B,202,H,0.023510504513978958,0
7det_A,1,L,0.0015389968175441027,0
7det_A,2,C,0.00012242169759701937,0
7det_A,3,P,0.00042091673822142184,0
7det_A,4,F,0.00015832582721486688,0
7det_A,5,G,0.001298881834372878,0
7det_A,6,E,0.0024943742901086807,0
7det_A,7,V,0.00021573434059973806,0
7det_A,8,F,0.0005876737413927913,0
7det_A,9,N,0.004423929378390312,0
7det_A,10,A,0.0018010245403274894,0
7det_A,11,T,0.012308940291404724,0
7det_A,12,R,0.015406083315610886,0
7det_A,13,F,0.0009902758756652474,0
7det_A,14,A,0.002094231080263853,0
7det_A,15,S,0.0026985635049641132,0
7det_A,16,V,0.0009109210222959518,0
7det_A,17,Y,0.021836616098880768,0
7det_A,18,A,0.04030270874500275,0
7det_A,19,W,0.015269135124981403,0
7det_A,20,N,0.02634367160499096,0
7det_A,21,R,0.013768870383501053,0
7det_A,22,K,0.017106076702475548,0
7det_A,23,R,0.08131933212280273,0
7det_A,24,I,0.0027513327077031136,0
7det_A,25,S,0.015657121315598488,0
7det_A,26,N,0.03508973494172096,0
7det_A,27,C,0.0025319901760667562,0
7det_A,28,V,0.011436723172664642,0
7det_A,29,A,0.0003618414339143783,0
7det_A,30,D,0.0021285079419612885,0
7det_A,31,Y,9.015228715725243e-05,0
7det_A,32,S,0.0013235611841082573,0
7det_A,33,V,0.0018221576465293765,0
7det_A,34,L,0.0016399448504671454,0
7det_A,35,Y,0.010626344941556454,0
7det_A,36,N,0.01805303990840912,0
7det_A,37,S,0.016943061724305153,0
7det_A,38,A,0.0113640446215868,0
7det_A,39,S,0.010617916472256184,0
7det_A,40,F,0.006349532399326563,0
7det_A,41,S,0.01424929965287447,0
7det_A,42,T,0.009737120009958744,0
7det_A,43,F,0.0027473345398902893,0
7det_A,44,K,0.007670069113373756,0
7det_A,45,C,0.0036089266650378704,0
7det_A,46,Y,0.031027426943182945,0
7det_A,47,G,0.02869698777794838,0
7det_A,48,V,0.01266623754054308,0
7det_A,49,S,0.03369617089629173,0
7det_A,50,P,0.008214940316975117,0
7det_A,51,T,0.022736551240086555,0
7det_A,52,K,0.021585285663604736,0
7det_A,53,L,0.0012693118769675493,0
7det_A,54,N,0.007271770387887955,0
7det_A,55,D,0.06583397835493088,0
7det_A,56,L,0.05500347912311554,0
7det_A,57,C,0.005677095614373684,0
7det_A,58,F,0.01012203749269247,0
7det_A,59,T,0.021611234173178673,0
7det_A,60,N,0.04820861667394638,0
7det_A,61,V,0.002265386749058962,0
7det_A,62,Y,0.05831144005060196,0
7det_A,63,A,0.0010242249118164182,0
7det_A,64,D,0.00510005047544837,0
7det_A,65,S,0.0022419546730816364,0
7det_A,66,F,0.004109786823391914,0
7det_A,67,V,0.005436412524431944,0
7det_A,68,I,0.02983919344842434,0
7det_A,69,R,0.5269875526428223,1
7det_A,70,G,0.06243117153644562,0
7det_A,71,D,0.43483683466911316,1
7det_A,72,E,0.2359018176794052,1
7det_A,73,V,0.005239112302660942,0
7det_A,74,R,0.0792093351483345,0
7det_A,75,Q,0.06479735672473907,0
7det_A,76,I,0.005327005870640278,0
7det_A,77,A,0.019705772399902344,0
7det_A,78,P,0.01712540164589882,0
7det_A,79,G,0.1214810386300087,0
7det_A,80,Q,0.07599551230669022,0
7det_A,81,T,0.3877228796482086,1
7det_A,82,G,0.4722813367843628,1
7det_A,83,K,0.6500401496887207,1
7det_A,84,I,0.08566170185804367,0
7det_A,85,A,0.033414196223020554,0
7det_A,86,D,0.4558684825897217,1
7det_A,87,Y,0.39410164952278137,1
7det_A,88,N,0.005849048960953951,0
7det_A,89,Y,0.0028061631601303816,0
7det_A,90,K,0.012999181635677814,0
7det_A,91,L,0.002990375505760312,0
7det_A,92,P,0.014537759125232697,0
7det_A,93,D,0.06779602915048599,0
7det_A,94,D,0.19083140790462494,0
7det_A,95,F,0.01946442201733589,0
7det_A,96,T,0.07305434346199036,0
7det_A,97,G,0.0020642841700464487,0
7det_A,98,C,0.00017864734400063753,0
7det_A,99,V,0.00011236237332923338,0
7det_A,100,I,0.0001332736574113369,0
7det_A,101,A,9.333576599601656e-05,0
7det_A,102,W,0.00017855250916909426,0
7det_A,103,N,0.00045239023165777326,0
7det_A,104,S,7.055915921228006e-05,0
7det_A,105,N,0.0011873189359903336,0
7det_A,106,N,0.010098310187458992,0
7det_A,107,L,0.005219588056206703,0
7det_A,108,D,0.00035003526136279106,0
7det_A,109,S,0.003757487516850233,0
7det_A,110,K,0.015867669135332108,0
7det_A,111,V,0.21753424406051636,1
7det_A,112,G,0.31444770097732544,1
7det_A,113,G,0.22672879695892334,1
7det_A,114,N,0.1366039663553238,0
7det_A,115,Y,0.7881646156311035,1
7det_A,116,N,0.48432496190071106,1
7det_A,117,Y,0.09166635572910309,0
7det_A,118,L,0.38698330521583557,1
7det_A,119,Y,0.6766030192375183,1
7det_A,120,R,0.3201373815536499,1
7det_A,121,L,0.9521809220314026,1
7det_A,122,F,0.9640174508094788,1
7det_A,123,R,0.5390437841415405,1
7det_A,124,K,0.5513370633125305,1
7det_A,125,S,0.28407037258148193,1
7det_A,126,N,0.32675042748451233,1
7det_A,127,L,0.013930810615420341,0
7det_A,128,K,0.07333528995513916,0
7det_A,129,P,0.013242676854133606,0
7det_A,130,F,0.02814439684152603,0
7det_A,131,E,0.07087651640176773,0
7det_A,132,R,0.1006588265299797,0
7det_A,133,D,0.026288144290447235,0
7det_A,134,I,0.026902835816144943,0
7det_A,135,S,0.022144455462694168,0
7det_A,136,T,0.04732745885848999,0
7det_A,137,E,0.11100490391254425,0
7det_A,138,I,0.3043260872364044,1
7det_A,139,Y,0.44546204805374146,1
7det_A,140,Q,0.39437344670295715,1
7det_A,141,A,0.46182796359062195,1
7det_A,142,G,0.10755251348018646,0
7det_A,143,S,0.07497149705886841,0
7det_A,144,T,0.033087875694036484,0
7det_A,145,P,0.008248887024819851,0
7det_A,146,C,0.0013567866990342736,0
7det_A,147,N,0.019871266558766365,0
7det_A,148,G,0.010579324327409267,0
7det_A,149,V,0.05208982154726982,0
7det_A,150,E,0.14411649107933044,0
7det_A,151,G,0.13332252204418182,0
7det_A,152,F,0.4883807897567749,1
7det_A,153,N,0.48016881942749023,1
7det_A,154,C,0.06767231971025467,0
7det_A,155,Y,0.5340613722801208,1
7det_A,156,F,0.38817548751831055,1
7det_A,157,P,0.02079200930893421,0
7det_A,158,L,0.14544838666915894,0
7det_A,159,Q,0.771357536315918,1
7det_A,160,S,0.5810500383377075,1
7det_A,161,Y,0.4571387767791748,1
7det_A,162,G,0.43961256742477417,1
7det_A,163,F,0.07516530901193619,0
7det_A,164,Q,0.28798139095306396,1
7det_A,165,P,0.1448899805545807,0
7det_A,166,T,0.46866098046302795,1
7det_A,167,N,0.5925235152244568,1
7det_A,168,G,0.5657871961593628,1
7det_A,169,V,0.10728739947080612,0
7det_A,170,G,0.12633058428764343,0
7det_A,171,Y,0.3613438606262207,1
7det_A,172,Q,0.01899579167366028,0
7det_A,173,P,0.0009656850597821176,0
7det_A,174,Y,0.0007571868482045829,0
7det_A,175,R,0.0005357197369448841,0
7det_A,176,V,2.2487360183731653e-05,0
7det_A,177,V,3.555106377461925e-05,0
7det_A,178,V,3.708418444148265e-05,0
7det_A,179,L,0.00048547849291935563,0
7det_A,180,S,0.033793460577726364,0
7det_A,181,F,0.04734828695654869,0
7det_A,182,E,0.38773563504219055,1
7det_A,183,L,0.44070056080818176,1
7det_A,184,L,0.3397389352321625,1
7det_A,185,H,0.1120045930147171,0
7det_A,186,A,0.10546108335256577,0
7det_A,187,P,0.02725251019001007,0
7det_A,188,A,0.01727966219186783,0
7det_A,189,T,0.004561090376228094,0
7det_A,190,V,0.0011195206316187978,0
7det_A,191,C,0.011537271551787853,0
7det_A,192,G,0.006672574672847986,0
7det_A,193,P,0.05862436443567276,0
